timestamp,date,weekday,time,facility,max_occupancy,current_pct,estimated_count,source_updated_at
2026-08-31T15:09:18-04:00,2026-08-31,Monday,15:09,WMH Service Desk,1200,36,432,3:06 PM
2026-08-31T15:09:18-04:00,2026-08-31,Monday,15:09,McComas Hall Service Desk,600,38,228,3:06 PM
2026-08-31T15:09:18-04:00,2026-08-31,Monday,15:09,Esports,55,0,0,3:06 PM
2026-08-31T15:09:18-04:00,2026-08-31,Monday,15:09,Bouldering Wall,8,100,8,3:06 PM
2026-08-31T15:16:58-04:00,2026-08-31,Monday,15:16,WMH Service Desk,1200,36,432,3:11 PM
2026-08-31T15:16:58-04:00,2026-08-31,Monday,15:16,McComas Hall Service Desk,600,38,228,3:11 PM
2026-08-31T15:16:58-04:00,2026-08-31,Monday,15:16,Esports,55,0,0,3:11 PM
2026-08-31T15:16:58-04:00,2026-08-31,Monday,15:16,Bouldering Wall,8,75,6,3:11 PM
2026-08-31T19:17:08-04:00,2026-08-31,Monday,19:17,WMH Service Desk,1200,36,432,7:12 PM
2026-08-31T19:17:08-04:00,2026-08-31,Monday,19:17,McComas Hall Service Desk,600,46,276,7:12 PM
2026-08-31T19:17:08-04:00,2026-08-31,Monday,19:17,Esports,55,13,7,7:12 PM
2026-08-31T19:17:08-04:00,2026-08-31,Monday,19:17,Bouldering Wall,8,100,8,7:12 PM
2026-08-31T21:58:00-04:00,2026-08-31,Monday,21:58,WMH Service Desk,1200,36,432,9:57 PM
2026-08-31T21:58:00-04:00,2026-08-31,Monday,21:58,McComas Hall Service Desk,600,47,282,9:57 PM
2026-08-31T21:58:00-04:00,2026-08-31,Monday,21:58,Esports,55,33,18,9:57 PM
2026-08-31T21:58:00-04:00,2026-08-31,Monday,21:58,Bouldering Wall,8,0,0,9:57 PM
2026-09-01T08:45:07-04:00,2026-09-01,Tuesday,08:45,WMH Service Desk,1200,36,432,8:41 AM
2026-09-01T08:45:07-04:00,2026-09-01,Tuesday,08:45,McComas Hall Service Desk,600,15,90,8:41 AM
2026-09-01T08:45:07-04:00,2026-09-01,Tuesday,08:45,Esports,55,31,17,8:41 AM
2026-09-01T08:45:07-04:00,2026-09-01,Tuesday,08:45,Bouldering Wall,8,0,0,8:41 AM
2026-09-01T12:58:21-04:00,2026-09-01,Tuesday,12:58,WMH Service Desk,1200,36,432,12:53 PM
2026-09-01T12:58:21-04:00,2026-09-01,Tuesday,12:58,McComas Hall Service Desk,600,34,204,12:53 PM
2026-09-01T12:58:21-04:00,2026-09-01,Tuesday,12:58,Esports,55,31,17,12:53 PM
2026-09-01T12:58:21-04:00,2026-09-01,Tuesday,12:58,Bouldering Wall,8,25,2,12:53 PM
2026-09-01T15:50:04-04:00,2026-09-01,Tuesday,15:50,WMH Service Desk,1200,36,432,3:48 PM
2026-09-01T15:50:04-04:00,2026-09-01,Tuesday,15:50,McComas Hall Service Desk,600,38,228,3:48 PM
2026-09-01T15:50:04-04:00,2026-09-01,Tuesday,15:50,Esports,55,38,21,3:48 PM
2026-09-01T15:50:04-04:00,2026-09-01,Tuesday,15:50,Bouldering Wall,8,100,8,3:48 PM
2026-09-01T15:54:05-04:00,2026-09-01,Tuesday,15:54,WMH Service Desk,1200,36,432,3:53 PM
2026-09-01T15:54:05-04:00,2026-09-01,Tuesday,15:54,McComas Hall Service Desk,600,40,240,3:53 PM
2026-09-01T15:54:05-04:00,2026-09-01,Tuesday,15:54,Esports,55,38,21,3:53 PM
2026-09-01T15:54:05-04:00,2026-09-01,Tuesday,15:54,Bouldering Wall,8,100,8,3:53 PM
2026-09-01T16:02:06-04:00,2026-09-01,Tuesday,16:02,WMH Service Desk,1200,36,432,3:58 PM
2026-09-01T16:02:06-04:00,2026-09-01,Tuesday,16:02,McComas Hall Service Desk,600,44,264,3:58 PM
2026-09-01T16:02:06-04:00,2026-09-01,Tuesday,16:02,Esports,55,38,21,3:58 PM
2026-09-01T16:02:06-04:00,2026-09-01,Tuesday,16:02,Bouldering Wall,8,75,6,3:58 PM
2026-09-01T16:06:06-04:00,2026-09-01,Tuesday,16:06,WMH Service Desk,1200,36,432,4:03 PM
2026-09-01T16:06:06-04:00,2026-09-01,Tuesday,16:06,McComas Hall Service Desk,600,45,270,4:03 PM
2026-09-01T16:06:06-04:00,2026-09-01,Tuesday,16:06,Esports,55,38,21,4:03 PM
2026-09-01T16:06:06-04:00,2026-09-01,Tuesday,16:06,Bouldering Wall,8,100,8,4:03 PM
2026-09-01T16:10:06-04:00,2026-09-01,Tuesday,16:10,WMH Service Desk,1200,36,432,4:08 PM
2026-09-01T16:10:06-04:00,2026-09-01,Tuesday,16:10,McComas Hall Service Desk,600,45,270,4:08 PM
2026-09-01T16:10:06-04:00,2026-09-01,Tuesday,16:10,Esports,55,40,22,4:08 PM
2026-09-01T16:10:06-04:00,2026-09-01,Tuesday,16:10,Bouldering Wall,8,88,7,4:08 PM
2026-09-01T16:14:07-04:00,2026-09-01,Tuesday,16:14,WMH Service Desk,1200,36,432,4:13 PM
2026-09-01T16:14:07-04:00,2026-09-01,Tuesday,16:14,McComas Hall Service Desk,600,45,270,4:13 PM
2026-09-01T16:14:07-04:00,2026-09-01,Tuesday,16:14,Esports,55,40,22,4:13 PM
2026-09-01T16:14:07-04:00,2026-09-01,Tuesday,16:14,Bouldering Wall,8,88,7,4:13 PM
2026-09-01T18:24:34-04:00,2026-09-01,Tuesday,18:24,WMH Service Desk,1200,36,432,6:19 PM
2026-09-01T18:24:34-04:00,2026-09-01,Tuesday,18:24,McComas Hall Service Desk,600,50,300,6:19 PM
2026-09-01T18:24:34-04:00,2026-09-01,Tuesday,18:24,Esports,55,0,0,6:19 PM
2026-09-01T18:24:34-04:00,2026-09-01,Tuesday,18:24,Bouldering Wall,8,100,8,6:19 PM
2026-09-01T18:28:34-04:00,2026-09-01,Tuesday,18:28,WMH Service Desk,1200,36,432,6:24 PM
2026-09-01T18:28:34-04:00,2026-09-01,Tuesday,18:28,McComas Hall Service Desk,600,50,300,6:24 PM
2026-09-01T18:28:34-04:00,2026-09-01,Tuesday,18:28,Esports,55,2,1,6:24 PM
2026-09-01T18:28:34-04:00,2026-09-01,Tuesday,18:28,Bouldering Wall,8,100,8,6:24 PM
2026-09-01T18:32:35-04:00,2026-09-01,Tuesday,18:32,WMH Service Desk,1200,36,432,6:29 PM
2026-09-01T18:32:35-04:00,2026-09-01,Tuesday,18:32,McComas Hall Service Desk,600,51,306,6:29 PM
2026-09-01T18:32:35-04:00,2026-09-01,Tuesday,18:32,Esports,55,5,3,6:29 PM
2026-09-01T18:32:35-04:00,2026-09-01,Tuesday,18:32,Bouldering Wall,8,100,8,6:29 PM
2026-09-01T18:36:35-04:00,2026-09-01,Tuesday,18:36,WMH Service Desk,1200,36,432,6:34 PM
2026-09-01T18:36:35-04:00,2026-09-01,Tuesday,18:36,McComas Hall Service Desk,600,49,294,6:34 PM
2026-09-01T18:36:35-04:00,2026-09-01,Tuesday,18:36,Esports,55,7,4,6:34 PM
2026-09-01T18:36:35-04:00,2026-09-01,Tuesday,18:36,Bouldering Wall,8,100,8,6:34 PM
2026-09-01T18:40:36-04:00,2026-09-01,Tuesday,18:40,WMH Service Desk,1200,36,432,6:39 PM
2026-09-01T18:40:36-04:00,2026-09-01,Tuesday,18:40,McComas Hall Service Desk,600,49,294,6:39 PM
2026-09-01T18:40:36-04:00,2026-09-01,Tuesday,18:40,Esports,55,9,5,6:39 PM
2026-09-01T18:40:36-04:00,2026-09-01,Tuesday,18:40,Bouldering Wall,8,100,8,6:39 PM
2026-09-01T18:48:37-04:00,2026-09-01,Tuesday,18:48,WMH Service Desk,1200,36,432,6:44 PM
2026-09-01T18:48:37-04:00,2026-09-01,Tuesday,18:48,McComas Hall Service Desk,600,50,300,6:44 PM
2026-09-01T18:48:37-04:00,2026-09-01,Tuesday,18:48,Esports,55,9,5,6:44 PM
2026-09-01T18:48:37-04:00,2026-09-01,Tuesday,18:48,Bouldering Wall,8,75,6,6:44 PM
2026-09-01T18:52:37-04:00,2026-09-01,Tuesday,18:52,WMH Service Desk,1200,36,432,6:49 PM
2026-09-01T18:52:37-04:00,2026-09-01,Tuesday,18:52,McComas Hall Service Desk,600,50,300,6:49 PM
2026-09-01T18:52:37-04:00,2026-09-01,Tuesday,18:52,Esports,55,9,5,6:49 PM
2026-09-01T18:52:37-04:00,2026-09-01,Tuesday,18:52,Bouldering Wall,8,75,6,6:49 PM
2026-09-01T20:24:48-04:00,2026-09-01,Tuesday,20:24,WMH Service Desk,1200,36,432,8:19 PM
2026-09-01T20:24:48-04:00,2026-09-01,Tuesday,20:24,McComas Hall Service Desk,600,30,180,8:19 PM
2026-09-01T20:24:48-04:00,2026-09-01,Tuesday,20:24,Esports,55,15,8,8:19 PM
2026-09-01T20:24:48-04:00,2026-09-01,Tuesday,20:24,Bouldering Wall,8,50,4,8:19 PM
2026-09-01T20:28:49-04:00,2026-09-01,Tuesday,20:28,WMH Service Desk,1200,36,432,8:24 PM
2026-09-01T20:28:49-04:00,2026-09-01,Tuesday,20:28,McComas Hall Service Desk,600,30,180,8:24 PM
2026-09-01T20:28:49-04:00,2026-09-01,Tuesday,20:28,Esports,55,15,8,8:24 PM
2026-09-01T20:28:49-04:00,2026-09-01,Tuesday,20:28,Bouldering Wall,8,50,4,8:24 PM
2026-09-01T20:32:49-04:00,2026-09-01,Tuesday,20:32,WMH Service Desk,1200,36,432,8:29 PM
2026-09-01T20:32:49-04:00,2026-09-01,Tuesday,20:32,McComas Hall Service Desk,600,30,180,8:29 PM
2026-09-01T20:32:49-04:00,2026-09-01,Tuesday,20:32,Esports,55,15,8,8:29 PM
2026-09-01T20:32:49-04:00,2026-09-01,Tuesday,20:32,Bouldering Wall,8,75,6,8:29 PM
2026-09-01T20:36:49-04:00,2026-09-01,Tuesday,20:36,WMH Service Desk,1200,36,432,8:34 PM
2026-09-01T20:36:49-04:00,2026-09-01,Tuesday,20:36,McComas Hall Service Desk,600,31,186,8:34 PM
2026-09-01T20:36:49-04:00,2026-09-01,Tuesday,20:36,Esports,55,20,11,8:34 PM
2026-09-01T20:36:49-04:00,2026-09-01,Tuesday,20:36,Bouldering Wall,8,75,6,8:34 PM
2026-09-01T20:40:50-04:00,2026-09-01,Tuesday,20:40,WMH Service Desk,1200,36,432,8:39 PM
2026-09-01T20:40:50-04:00,2026-09-01,Tuesday,20:40,McComas Hall Service Desk,600,32,192,8:39 PM
2026-09-01T20:40:50-04:00,2026-09-01,Tuesday,20:40,Esports,55,20,11,8:39 PM
2026-09-01T20:40:50-04:00,2026-09-01,Tuesday,20:40,Bouldering Wall,8,75,6,8:39 PM
2026-09-01T20:48:50-04:00,2026-09-01,Tuesday,20:48,WMH Service Desk,1200,36,432,8:44 PM
2026-09-01T20:48:50-04:00,2026-09-01,Tuesday,20:48,McComas Hall Service Desk,600,32,192,8:44 PM
2026-09-01T20:48:50-04:00,2026-09-01,Tuesday,20:48,Esports,55,20,11,8:44 PM
2026-09-01T20:48:50-04:00,2026-09-01,Tuesday,20:48,Bouldering Wall,8,75,6,8:44 PM
2026-09-01T20:52:50-04:00,2026-09-01,Tuesday,20:52,WMH Service Desk,1200,36,432,8:49 PM
2026-09-01T20:52:50-04:00,2026-09-01,Tuesday,20:52,McComas Hall Service Desk,600,33,198,8:49 PM
2026-09-01T20:52:50-04:00,2026-09-01,Tuesday,20:52,Esports,55,18,10,8:49 PM
2026-09-01T20:52:50-04:00,2026-09-01,Tuesday,20:52,Bouldering Wall,8,75,6,8:49 PM
2026-09-02T09:47:19-04:00,2026-09-02,Wednesday,09:47,WMH Service Desk,1200,36,432,9:43 AM
2026-09-02T09:47:19-04:00,2026-09-02,Wednesday,09:47,McComas Hall Service Desk,600,17,102,9:43 AM
2026-09-02T09:47:19-04:00,2026-09-02,Wednesday,09:47,Esports,55,9,5,9:43 AM
2026-09-02T09:47:19-04:00,2026-09-02,Wednesday,09:47,Bouldering Wall,8,0,0,9:43 AM
2026-09-02T09:51:20-04:00,2026-09-02,Wednesday,09:51,WMH Service Desk,1200,36,432,9:48 AM
2026-09-02T09:51:20-04:00,2026-09-02,Wednesday,09:51,McComas Hall Service Desk,600,16,96,9:48 AM
2026-09-02T09:51:20-04:00,2026-09-02,Wednesday,09:51,Esports,55,9,5,9:48 AM
2026-09-02T09:51:20-04:00,2026-09-02,Wednesday,09:51,Bouldering Wall,8,0,0,9:48 AM
2026-09-02T09:55:20-04:00,2026-09-02,Wednesday,09:55,WMH Service Desk,1200,36,432,9:53 AM
2026-09-02T09:55:20-04:00,2026-09-02,Wednesday,09:55,McComas Hall Service Desk,600,17,102,9:53 AM
2026-09-02T09:55:20-04:00,2026-09-02,Wednesday,09:55,Esports,55,9,5,9:53 AM
2026-09-02T09:55:20-04:00,2026-09-02,Wednesday,09:55,Bouldering Wall,8,0,0,9:53 AM
2026-09-02T09:59:21-04:00,2026-09-02,Wednesday,09:59,WMH Service Desk,1200,36,432,9:58 AM
2026-09-02T09:59:21-04:00,2026-09-02,Wednesday,09:59,McComas Hall Service Desk,600,16,96,9:58 AM
2026-09-02T09:59:21-04:00,2026-09-02,Wednesday,09:59,Esports,55,9,5,9:58 AM
2026-09-02T09:59:21-04:00,2026-09-02,Wednesday,09:59,Bouldering Wall,8,0,0,9:58 AM
2026-09-02T10:07:22-04:00,2026-09-02,Wednesday,10:07,WMH Service Desk,1200,36,432,10:03 AM
2026-09-02T10:07:22-04:00,2026-09-02,Wednesday,10:07,McComas Hall Service Desk,600,18,108,10:03 AM
2026-09-02T10:07:22-04:00,2026-09-02,Wednesday,10:07,Esports,55,9,5,10:03 AM
2026-09-02T10:07:22-04:00,2026-09-02,Wednesday,10:07,Bouldering Wall,8,0,0,10:03 AM
2026-09-02T10:11:22-04:00,2026-09-02,Wednesday,10:11,WMH Service Desk,1200,36,432,10:08 AM
2026-09-02T10:11:22-04:00,2026-09-02,Wednesday,10:11,McComas Hall Service Desk,600,19,114,10:08 AM
2026-09-02T10:11:22-04:00,2026-09-02,Wednesday,10:11,Esports,55,9,5,10:08 AM
2026-09-02T10:11:22-04:00,2026-09-02,Wednesday,10:11,Bouldering Wall,8,0,0,10:08 AM
2026-09-02T10:15:22-04:00,2026-09-02,Wednesday,10:15,WMH Service Desk,1200,36,432,10:13 AM
2026-09-02T10:15:22-04:00,2026-09-02,Wednesday,10:15,McComas Hall Service Desk,600,21,126,10:13 AM
2026-09-02T10:15:22-04:00,2026-09-02,Wednesday,10:15,Esports,55,9,5,10:13 AM
2026-09-02T10:15:22-04:00,2026-09-02,Wednesday,10:15,Bouldering Wall,8,0,0,10:13 AM
2026-09-02T13:38:01-04:00,2026-09-02,Wednesday,13:38,WMH Service Desk,1200,36,432,1:34 PM
2026-09-02T13:38:01-04:00,2026-09-02,Wednesday,13:38,McComas Hall Service Desk,600,24,144,1:34 PM
2026-09-02T13:38:01-04:00,2026-09-02,Wednesday,13:38,Esports,55,9,5,1:34 PM
2026-09-02T13:38:01-04:00,2026-09-02,Wednesday,13:38,Bouldering Wall,8,25,2,1:34 PM
2026-09-02T13:42:01-04:00,2026-09-02,Wednesday,13:42,WMH Service Desk,1200,36,432,1:39 PM
2026-09-02T13:42:01-04:00,2026-09-02,Wednesday,13:42,McComas Hall Service Desk,600,24,144,1:39 PM
2026-09-02T13:42:01-04:00,2026-09-02,Wednesday,13:42,Esports,55,9,5,1:39 PM
2026-09-02T13:42:01-04:00,2026-09-02,Wednesday,13:42,Bouldering Wall,8,25,2,1:39 PM
2026-09-02T13:46:01-04:00,2026-09-02,Wednesday,13:46,WMH Service Desk,1200,36,432,1:44 PM
2026-09-02T13:46:01-04:00,2026-09-02,Wednesday,13:46,McComas Hall Service Desk,600,24,144,1:44 PM
2026-09-02T13:46:01-04:00,2026-09-02,Wednesday,13:46,Esports,55,9,5,1:44 PM
2026-09-02T13:46:01-04:00,2026-09-02,Wednesday,13:46,Bouldering Wall,8,25,2,1:44 PM
2026-09-02T13:50:02-04:00,2026-09-02,Wednesday,13:50,WMH Service Desk,1200,36,432,1:49 PM
2026-09-02T13:50:02-04:00,2026-09-02,Wednesday,13:50,McComas Hall Service Desk,600,25,150,1:49 PM
2026-09-02T13:50:02-04:00,2026-09-02,Wednesday,13:50,Esports,55,9,5,1:49 PM
2026-09-02T13:50:02-04:00,2026-09-02,Wednesday,13:50,Bouldering Wall,8,25,2,1:49 PM
2026-09-02T13:58:03-04:00,2026-09-02,Wednesday,13:58,WMH Service Desk,1200,36,432,1:54 PM
2026-09-02T13:58:03-04:00,2026-09-02,Wednesday,13:58,McComas Hall Service Desk,600,23,138,1:54 PM
2026-09-02T13:58:03-04:00,2026-09-02,Wednesday,13:58,Esports,55,9,5,1:54 PM
2026-09-02T13:58:03-04:00,2026-09-02,Wednesday,13:58,Bouldering Wall,8,50,4,1:54 PM
2026-09-02T14:02:03-04:00,2026-09-02,Wednesday,14:02,WMH Service Desk,1200,36,432,1:59 PM
2026-09-02T14:02:03-04:00,2026-09-02,Wednesday,14:02,McComas Hall Service Desk,600,23,138,1:59 PM
2026-09-02T14:02:03-04:00,2026-09-02,Wednesday,14:02,Esports,55,9,5,1:59 PM
2026-09-02T14:02:03-04:00,2026-09-02,Wednesday,14:02,Bouldering Wall,8,50,4,1:59 PM
2026-09-02T14:06:03-04:00,2026-09-02,Wednesday,14:06,WMH Service Desk,1200,36,432,2:04 PM
2026-09-02T14:06:03-04:00,2026-09-02,Wednesday,14:06,McComas Hall Service Desk,600,22,132,2:04 PM
2026-09-02T14:06:03-04:00,2026-09-02,Wednesday,14:06,Esports,55,9,5,2:04 PM
2026-09-02T14:06:03-04:00,2026-09-02,Wednesday,14:06,Bouldering Wall,8,50,4,2:04 PM
2026-09-02T16:06:48-04:00,2026-09-02,Wednesday,16:06,WMH Service Desk,1200,36,432,4:04 PM
2026-09-02T16:06:48-04:00,2026-09-02,Wednesday,16:06,McComas Hall Service Desk,600,28,168,4:04 PM
2026-09-02T16:06:48-04:00,2026-09-02,Wednesday,16:06,Esports,55,15,8,4:04 PM
2026-09-02T16:06:48-04:00,2026-09-02,Wednesday,16:06,Bouldering Wall,8,62,5,4:04 PM
2026-09-02T16:10:48-04:00,2026-09-02,Wednesday,16:10,WMH Service Desk,1200,36,432,4:09 PM
2026-09-02T16:10:48-04:00,2026-09-02,Wednesday,16:10,McComas Hall Service Desk,600,28,168,4:09 PM
2026-09-02T16:10:48-04:00,2026-09-02,Wednesday,16:10,Esports,55,15,8,4:09 PM
2026-09-02T16:10:48-04:00,2026-09-02,Wednesday,16:10,Bouldering Wall,8,75,6,4:09 PM
2026-09-02T16:14:48-04:00,2026-09-02,Wednesday,16:14,WMH Service Desk,1200,36,432,4:14 PM
2026-09-02T16:14:48-04:00,2026-09-02,Wednesday,16:14,McComas Hall Service Desk,600,29,174,4:14 PM
2026-09-02T16:14:48-04:00,2026-09-02,Wednesday,16:14,Esports,55,15,8,4:14 PM
2026-09-02T16:14:48-04:00,2026-09-02,Wednesday,16:14,Bouldering Wall,8,75,6,4:14 PM
2026-09-02T16:22:49-04:00,2026-09-02,Wednesday,16:22,WMH Service Desk,1200,36,432,4:19 PM
2026-09-02T16:22:49-04:00,2026-09-02,Wednesday,16:22,McComas Hall Service Desk,600,28,168,4:19 PM
2026-09-02T16:22:49-04:00,2026-09-02,Wednesday,16:22,Esports,55,15,8,4:19 PM
2026-09-02T16:22:49-04:00,2026-09-02,Wednesday,16:22,Bouldering Wall,8,88,7,4:19 PM
2026-09-02T16:26:50-04:00,2026-09-02,Wednesday,16:26,WMH Service Desk,1200,36,432,4:24 PM
2026-09-02T16:26:50-04:00,2026-09-02,Wednesday,16:26,McComas Hall Service Desk,600,28,168,4:24 PM
2026-09-02T16:26:50-04:00,2026-09-02,Wednesday,16:26,Esports,55,15,8,4:24 PM
2026-09-02T16:26:50-04:00,2026-09-02,Wednesday,16:26,Bouldering Wall,8,88,7,4:24 PM
2026-09-02T16:30:50-04:00,2026-09-02,Wednesday,16:30,WMH Service Desk,1200,36,432,4:29 PM
2026-09-02T16:30:50-04:00,2026-09-02,Wednesday,16:30,McComas Hall Service Desk,600,30,180,4:29 PM
2026-09-02T16:30:50-04:00,2026-09-02,Wednesday,16:30,Esports,55,15,8,4:29 PM
2026-09-02T16:30:50-04:00,2026-09-02,Wednesday,16:30,Bouldering Wall,8,88,7,4:29 PM
2026-09-02T16:34:50-04:00,2026-09-02,Wednesday,16:34,WMH Service Desk,1200,36,432,4:34 PM
2026-09-02T16:34:50-04:00,2026-09-02,Wednesday,16:34,McComas Hall Service Desk,600,30,180,4:34 PM
2026-09-02T16:34:50-04:00,2026-09-02,Wednesday,16:34,Esports,55,20,11,4:34 PM
2026-09-02T16:34:50-04:00,2026-09-02,Wednesday,16:34,Bouldering Wall,8,88,7,4:34 PM
2026-09-02T18:39:04-04:00,2026-09-02,Wednesday,18:39,WMH Service Desk,1200,36,432,6:34 PM
2026-09-02T18:39:04-04:00,2026-09-02,Wednesday,18:39,McComas Hall Service Desk,600,37,222,6:34 PM
2026-09-02T18:39:04-04:00,2026-09-02,Wednesday,18:39,Esports,55,22,12,6:34 PM
2026-09-02T18:39:04-04:00,2026-09-02,Wednesday,18:39,Bouldering Wall,8,100,8,6:34 PM
2026-09-02T18:43:05-04:00,2026-09-02,Wednesday,18:43,WMH Service Desk,1200,36,432,6:39 PM
2026-09-02T18:43:05-04:00,2026-09-02,Wednesday,18:43,McComas Hall Service Desk,600,36,216,6:39 PM
2026-09-02T18:43:05-04:00,2026-09-02,Wednesday,18:43,Esports,55,24,13,6:39 PM
2026-09-02T18:43:05-04:00,2026-09-02,Wednesday,18:43,Bouldering Wall,8,100,8,6:39 PM
2026-09-02T18:47:06-04:00,2026-09-02,Wednesday,18:47,WMH Service Desk,1200,36,432,6:44 PM
2026-09-02T18:47:06-04:00,2026-09-02,Wednesday,18:47,McComas Hall Service Desk,600,38,228,6:44 PM
2026-09-02T18:47:06-04:00,2026-09-02,Wednesday,18:47,Esports,55,24,13,6:44 PM
2026-09-02T18:47:06-04:00,2026-09-02,Wednesday,18:47,Bouldering Wall,8,100,8,6:44 PM
2026-09-02T18:51:06-04:00,2026-09-02,Wednesday,18:51,WMH Service Desk,1200,36,432,6:49 PM
2026-09-02T18:51:06-04:00,2026-09-02,Wednesday,18:51,McComas Hall Service Desk,600,37,222,6:49 PM
2026-09-02T18:51:06-04:00,2026-09-02,Wednesday,18:51,Esports,55,24,13,6:49 PM
2026-09-02T18:51:06-04:00,2026-09-02,Wednesday,18:51,Bouldering Wall,8,100,8,6:49 PM
2026-09-02T18:55:07-04:00,2026-09-02,Wednesday,18:55,WMH Service Desk,1200,36,432,6:54 PM
2026-09-02T18:55:07-04:00,2026-09-02,Wednesday,18:55,McComas Hall Service Desk,600,40,240,6:54 PM
2026-09-02T18:55:07-04:00,2026-09-02,Wednesday,18:55,Esports,55,24,13,6:54 PM
2026-09-02T18:55:07-04:00,2026-09-02,Wednesday,18:55,Bouldering Wall,8,100,8,6:54 PM
2026-09-02T19:03:07-04:00,2026-09-02,Wednesday,19:03,WMH Service Desk,1200,36,432,6:59 PM
2026-09-02T19:03:07-04:00,2026-09-02,Wednesday,19:03,McComas Hall Service Desk,600,40,240,6:59 PM
2026-09-02T19:03:07-04:00,2026-09-02,Wednesday,19:03,Esports,55,24,13,6:59 PM
2026-09-02T19:03:07-04:00,2026-09-02,Wednesday,19:03,Bouldering Wall,8,38,3,6:59 PM
2026-09-02T19:07:08-04:00,2026-09-02,Wednesday,19:07,WMH Service Desk,1200,36,432,7:04 PM
2026-09-02T19:07:08-04:00,2026-09-02,Wednesday,19:07,McComas Hall Service Desk,600,42,252,7:04 PM
2026-09-02T19:07:08-04:00,2026-09-02,Wednesday,19:07,Esports,55,24,13,7:04 PM
2026-09-02T19:07:08-04:00,2026-09-02,Wednesday,19:07,Bouldering Wall,8,50,4,7:04 PM
2026-09-02T20:41:44-04:00,2026-09-02,Wednesday,20:41,WMH Service Desk,1200,36,432,8:39 PM
2026-09-02T20:41:44-04:00,2026-09-02,Wednesday,20:41,McComas Hall Service Desk,600,59,354,8:39 PM
2026-09-02T20:41:44-04:00,2026-09-02,Wednesday,20:41,Esports,55,27,15,8:39 PM
2026-09-02T20:41:44-04:00,2026-09-02,Wednesday,20:41,Bouldering Wall,8,50,4,8:39 PM
2026-09-02T20:49:44-04:00,2026-09-02,Wednesday,20:49,WMH Service Desk,1200,36,432,8:44 PM
2026-09-02T20:49:44-04:00,2026-09-02,Wednesday,20:49,McComas Hall Service Desk,600,60,360,8:44 PM
2026-09-02T20:49:44-04:00,2026-09-02,Wednesday,20:49,Esports,55,27,15,8:44 PM
2026-09-02T20:49:44-04:00,2026-09-02,Wednesday,20:49,Bouldering Wall,8,50,4,8:44 PM
2026-09-02T20:53:44-04:00,2026-09-02,Wednesday,20:53,WMH Service Desk,1200,36,432,8:49 PM
2026-09-02T20:53:44-04:00,2026-09-02,Wednesday,20:53,McComas Hall Service Desk,600,59,354,8:49 PM
2026-09-02T20:53:44-04:00,2026-09-02,Wednesday,20:53,Esports,55,27,15,8:49 PM
2026-09-02T20:53:44-04:00,2026-09-02,Wednesday,20:53,Bouldering Wall,8,50,4,8:49 PM
2026-09-02T20:57:44-04:00,2026-09-02,Wednesday,20:57,WMH Service Desk,1200,36,432,8:54 PM
2026-09-02T20:57:44-04:00,2026-09-02,Wednesday,20:57,McComas Hall Service Desk,600,60,360,8:54 PM
2026-09-02T20:57:44-04:00,2026-09-02,Wednesday,20:57,Esports,55,29,16,8:54 PM
2026-09-02T20:57:44-04:00,2026-09-02,Wednesday,20:57,Bouldering Wall,8,50,4,8:54 PM
2026-09-02T21:01:45-04:00,2026-09-02,Wednesday,21:01,WMH Service Desk,1200,36,432,8:59 PM
2026-09-02T21:01:45-04:00,2026-09-02,Wednesday,21:01,McComas Hall Service Desk,600,61,366,8:59 PM
2026-09-02T21:01:45-04:00,2026-09-02,Wednesday,21:01,Esports,55,29,16,8:59 PM
2026-09-02T21:01:45-04:00,2026-09-02,Wednesday,21:01,Bouldering Wall,8,50,4,8:59 PM
2026-09-02T21:05:45-04:00,2026-09-02,Wednesday,21:05,WMH Service Desk,1200,36,432,9:05 PM
2026-09-02T21:05:45-04:00,2026-09-02,Wednesday,21:05,McComas Hall Service Desk,600,62,372,9:05 PM
2026-09-02T21:05:45-04:00,2026-09-02,Wednesday,21:05,Esports,55,24,13,9:05 PM
2026-09-02T21:05:45-04:00,2026-09-02,Wednesday,21:05,Bouldering Wall,8,0,0,9:05 PM
2026-09-03T10:10:36-04:00,2026-09-03,Thursday,10:10,WMH Service Desk,1200,36,432,10:09 AM
2026-09-03T10:10:36-04:00,2026-09-03,Thursday,10:10,McComas Hall Service Desk,600,26,156,10:09 AM
2026-09-03T10:10:36-04:00,2026-09-03,Thursday,10:10,Esports,55,11,6,10:09 AM
2026-09-03T10:10:36-04:00,2026-09-03,Thursday,10:10,Bouldering Wall,8,0,0,10:09 AM
2026-09-03T10:18:37-04:00,2026-09-03,Thursday,10:18,WMH Service Desk,1200,36,432,10:14 AM
2026-09-03T10:18:37-04:00,2026-09-03,Thursday,10:18,McComas Hall Service Desk,600,26,156,10:14 AM
2026-09-03T10:18:37-04:00,2026-09-03,Thursday,10:18,Esports,55,11,6,10:14 AM
2026-09-03T10:18:37-04:00,2026-09-03,Thursday,10:18,Bouldering Wall,8,0,0,10:14 AM
2026-09-03T10:22:37-04:00,2026-09-03,Thursday,10:22,WMH Service Desk,1200,36,432,10:19 AM
2026-09-03T10:22:37-04:00,2026-09-03,Thursday,10:22,McComas Hall Service Desk,600,26,156,10:19 AM
2026-09-03T10:22:37-04:00,2026-09-03,Thursday,10:22,Esports,55,11,6,10:19 AM
2026-09-03T10:22:37-04:00,2026-09-03,Thursday,10:22,Bouldering Wall,8,0,0,10:19 AM
2026-09-03T10:26:37-04:00,2026-09-03,Thursday,10:26,WMH Service Desk,1200,36,432,10:24 AM
2026-09-03T10:26:37-04:00,2026-09-03,Thursday,10:26,McComas Hall Service Desk,600,25,150,10:24 AM
2026-09-03T10:26:37-04:00,2026-09-03,Thursday,10:26,Esports,55,11,6,10:24 AM
2026-09-03T10:26:37-04:00,2026-09-03,Thursday,10:26,Bouldering Wall,8,0,0,10:24 AM
2026-09-03T10:30:37-04:00,2026-09-03,Thursday,10:30,WMH Service Desk,1200,36,432,10:29 AM
2026-09-03T10:30:37-04:00,2026-09-03,Thursday,10:30,McComas Hall Service Desk,600,24,144,10:29 AM
2026-09-03T10:30:37-04:00,2026-09-03,Thursday,10:30,Esports,55,11,6,10:29 AM
2026-09-03T10:30:37-04:00,2026-09-03,Thursday,10:30,Bouldering Wall,8,0,0,10:29 AM
2026-09-03T10:38:38-04:00,2026-09-03,Thursday,10:38,WMH Service Desk,1200,36,432,10:34 AM
2026-09-03T10:38:38-04:00,2026-09-03,Thursday,10:38,McComas Hall Service Desk,600,24,144,10:34 AM
2026-09-03T10:38:38-04:00,2026-09-03,Thursday,10:38,Esports,55,11,6,10:34 AM
2026-09-03T10:38:38-04:00,2026-09-03,Thursday,10:38,Bouldering Wall,8,0,0,10:34 AM
2026-09-03T13:52:01-04:00,2026-09-03,Thursday,13:52,WMH Service Desk,1200,36,432,1:49 PM
2026-09-03T13:52:01-04:00,2026-09-03,Thursday,13:52,McComas Hall Service Desk,600,18,108,1:49 PM
2026-09-03T13:52:01-04:00,2026-09-03,Thursday,13:52,Esports,55,11,6,1:49 PM
2026-09-03T13:52:01-04:00,2026-09-03,Thursday,13:52,Bouldering Wall,8,38,3,1:49 PM
2026-09-03T13:56:01-04:00,2026-09-03,Thursday,13:56,WMH Service Desk,1200,36,432,1:54 PM
2026-09-03T13:56:01-04:00,2026-09-03,Thursday,13:56,McComas Hall Service Desk,600,18,108,1:54 PM
2026-09-03T13:56:01-04:00,2026-09-03,Thursday,13:56,Esports,55,11,6,1:54 PM
2026-09-03T13:56:01-04:00,2026-09-03,Thursday,13:56,Bouldering Wall,8,38,3,1:54 PM
2026-09-03T14:04:02-04:00,2026-09-03,Thursday,14:04,WMH Service Desk,1200,36,432,1:59 PM
2026-09-03T14:04:02-04:00,2026-09-03,Thursday,14:04,McComas Hall Service Desk,600,20,120,1:59 PM
2026-09-03T14:04:02-04:00,2026-09-03,Thursday,14:04,Esports,55,11,6,1:59 PM
2026-09-03T14:04:02-04:00,2026-09-03,Thursday,14:04,Bouldering Wall,8,38,3,1:59 PM
2026-09-03T14:08:02-04:00,2026-09-03,Thursday,14:08,WMH Service Desk,1200,36,432,2:04 PM
2026-09-03T14:08:02-04:00,2026-09-03,Thursday,14:08,McComas Hall Service Desk,600,20,120,2:04 PM
2026-09-03T14:08:02-04:00,2026-09-03,Thursday,14:08,Esports,55,11,6,2:04 PM
2026-09-03T14:08:02-04:00,2026-09-03,Thursday,14:08,Bouldering Wall,8,62,5,2:04 PM
2026-09-03T14:12:02-04:00,2026-09-03,Thursday,14:12,WMH Service Desk,1200,36,432,2:09 PM
2026-09-03T14:12:02-04:00,2026-09-03,Thursday,14:12,McComas Hall Service Desk,600,20,120,2:09 PM
2026-09-03T14:12:02-04:00,2026-09-03,Thursday,14:12,Esports,55,11,6,2:09 PM
2026-09-03T14:12:02-04:00,2026-09-03,Thursday,14:12,Bouldering Wall,8,88,7,2:09 PM
2026-09-03T14:16:03-04:00,2026-09-03,Thursday,14:16,WMH Service Desk,1200,36,432,2:14 PM
2026-09-03T14:16:03-04:00,2026-09-03,Thursday,14:16,McComas Hall Service Desk,600,21,126,2:14 PM
2026-09-03T14:16:03-04:00,2026-09-03,Thursday,14:16,Esports,55,11,6,2:14 PM
2026-09-03T14:16:03-04:00,2026-09-03,Thursday,14:16,Bouldering Wall,8,88,7,2:14 PM
2026-09-03T16:33:38-04:00,2026-09-03,Thursday,16:33,WMH Service Desk,1200,36,432,4:30 PM
2026-09-03T16:33:38-04:00,2026-09-03,Thursday,16:33,McComas Hall Service Desk,600,36,216,4:30 PM
2026-09-03T16:33:38-04:00,2026-09-03,Thursday,16:33,Esports,55,33,18,4:30 PM
2026-09-03T16:33:38-04:00,2026-09-03,Thursday,16:33,Bouldering Wall,8,88,7,4:30 PM
2026-09-03T16:37:38-04:00,2026-09-03,Thursday,16:37,WMH Service Desk,1200,36,432,4:35 PM
2026-09-03T16:37:38-04:00,2026-09-03,Thursday,16:37,McComas Hall Service Desk,600,35,210,4:35 PM
2026-09-03T16:37:38-04:00,2026-09-03,Thursday,16:37,Esports,55,35,19,4:35 PM
2026-09-03T16:37:38-04:00,2026-09-03,Thursday,16:37,Bouldering Wall,8,75,6,4:35 PM
2026-09-03T16:41:39-04:00,2026-09-03,Thursday,16:41,WMH Service Desk,1200,36,432,4:40 PM
2026-09-03T16:41:39-04:00,2026-09-03,Thursday,16:41,McComas Hall Service Desk,600,38,228,4:40 PM
2026-09-03T16:41:39-04:00,2026-09-03,Thursday,16:41,Esports,55,36,20,4:40 PM
2026-09-03T16:41:39-04:00,2026-09-03,Thursday,16:41,Bouldering Wall,8,75,6,4:40 PM
2026-09-03T16:45:39-04:00,2026-09-03,Thursday,16:45,WMH Service Desk,1200,36,432,4:45 PM
2026-09-03T16:45:39-04:00,2026-09-03,Thursday,16:45,McComas Hall Service Desk,600,37,222,4:45 PM
2026-09-03T16:45:39-04:00,2026-09-03,Thursday,16:45,Esports,55,33,18,4:45 PM
2026-09-03T16:45:39-04:00,2026-09-03,Thursday,16:45,Bouldering Wall,8,75,6,4:45 PM
2026-09-03T16:53:39-04:00,2026-09-03,Thursday,16:53,WMH Service Desk,1200,36,432,4:50 PM
2026-09-03T16:53:39-04:00,2026-09-03,Thursday,16:53,McComas Hall Service Desk,600,35,210,4:50 PM
2026-09-03T16:53:39-04:00,2026-09-03,Thursday,16:53,Esports,55,33,18,4:50 PM
2026-09-03T16:53:39-04:00,2026-09-03,Thursday,16:53,Bouldering Wall,8,75,6,4:50 PM
2026-09-03T16:57:39-04:00,2026-09-03,Thursday,16:57,WMH Service Desk,1200,36,432,4:55 PM
2026-09-03T16:57:39-04:00,2026-09-03,Thursday,16:57,McComas Hall Service Desk,600,35,210,4:55 PM
2026-09-03T16:57:39-04:00,2026-09-03,Thursday,16:57,Esports,55,35,19,4:55 PM
2026-09-03T16:57:39-04:00,2026-09-03,Thursday,16:57,Bouldering Wall,8,75,6,4:55 PM
2026-09-03T17:01:40-04:00,2026-09-03,Thursday,17:01,WMH Service Desk,1200,36,432,5:00 PM
2026-09-03T17:01:40-04:00,2026-09-03,Thursday,17:01,McComas Hall Service Desk,600,35,210,5:00 PM
2026-09-03T17:01:40-04:00,2026-09-03,Thursday,17:01,Esports,55,35,19,5:00 PM
2026-09-03T17:01:40-04:00,2026-09-03,Thursday,17:01,Bouldering Wall,8,88,7,5:00 PM
2026-09-03T18:49:17-04:00,2026-09-03,Thursday,18:49,WMH Service Desk,1200,36,432,6:45 PM
2026-09-03T18:49:17-04:00,2026-09-03,Thursday,18:49,McComas Hall Service Desk,600,38,228,6:45 PM
2026-09-03T18:49:17-04:00,2026-09-03,Thursday,18:49,Esports,55,33,18,6:45 PM
2026-09-03T18:49:17-04:00,2026-09-03,Thursday,18:49,Bouldering Wall,8,62,5,6:45 PM
2026-09-03T18:53:18-04:00,2026-09-03,Thursday,18:53,WMH Service Desk,1200,36,432,6:50 PM
2026-09-03T18:53:18-04:00,2026-09-03,Thursday,18:53,McComas Hall Service Desk,600,37,222,6:50 PM
2026-09-03T18:53:18-04:00,2026-09-03,Thursday,18:53,Esports,55,33,18,6:50 PM
2026-09-03T18:53:18-04:00,2026-09-03,Thursday,18:53,Bouldering Wall,8,75,6,6:50 PM
2026-09-03T18:57:18-04:00,2026-09-03,Thursday,18:57,WMH Service Desk,1200,36,432,6:55 PM
2026-09-03T18:57:18-04:00,2026-09-03,Thursday,18:57,McComas Hall Service Desk,600,38,228,6:55 PM
2026-09-03T18:57:18-04:00,2026-09-03,Thursday,18:57,Esports,55,35,19,6:55 PM
2026-09-03T18:57:18-04:00,2026-09-03,Thursday,18:57,Bouldering Wall,8,75,6,6:55 PM
2026-09-03T19:01:18-04:00,2026-09-03,Thursday,19:01,WMH Service Desk,1200,36,432,7:00 PM
2026-09-03T19:01:18-04:00,2026-09-03,Thursday,19:01,McComas Hall Service Desk,600,36,216,7:00 PM
2026-09-03T19:01:18-04:00,2026-09-03,Thursday,19:01,Esports,55,35,19,7:00 PM
2026-09-03T19:01:18-04:00,2026-09-03,Thursday,19:01,Bouldering Wall,8,75,6,7:00 PM
2026-09-03T19:09:19-04:00,2026-09-03,Thursday,19:09,WMH Service Desk,1200,36,432,7:05 PM
2026-09-03T19:09:19-04:00,2026-09-03,Thursday,19:09,McComas Hall Service Desk,600,35,210,7:05 PM
2026-09-03T19:09:19-04:00,2026-09-03,Thursday,19:09,Esports,55,35,19,7:05 PM
2026-09-03T19:09:19-04:00,2026-09-03,Thursday,19:09,Bouldering Wall,8,88,7,7:05 PM
2026-09-03T19:13:19-04:00,2026-09-03,Thursday,19:13,WMH Service Desk,1200,36,432,7:10 PM
2026-09-03T19:13:19-04:00,2026-09-03,Thursday,19:13,McComas Hall Service Desk,600,34,204,7:10 PM
2026-09-03T19:13:19-04:00,2026-09-03,Thursday,19:13,Esports,55,35,19,7:10 PM
2026-09-03T19:13:19-04:00,2026-09-03,Thursday,19:13,Bouldering Wall,8,88,7,7:10 PM
2026-09-03T19:17:19-04:00,2026-09-03,Thursday,19:17,WMH Service Desk,1200,36,432,7:15 PM
2026-09-03T19:17:19-04:00,2026-09-03,Thursday,19:17,McComas Hall Service Desk,600,34,204,7:15 PM
2026-09-03T19:17:19-04:00,2026-09-03,Thursday,19:17,Esports,55,33,18,7:15 PM
2026-09-03T19:17:19-04:00,2026-09-03,Thursday,19:17,Bouldering Wall,8,88,7,7:15 PM
2026-09-03T20:48:30-04:00,2026-09-03,Thursday,20:48,WMH Service Desk,1200,36,432,8:45 PM
2026-09-03T20:48:30-04:00,2026-09-03,Thursday,20:48,McComas Hall Service Desk,600,43,258,8:45 PM
2026-09-03T20:48:30-04:00,2026-09-03,Thursday,20:48,Esports,55,36,20,8:45 PM
2026-09-03T20:48:30-04:00,2026-09-03,Thursday,20:48,Bouldering Wall,8,88,7,8:45 PM
2026-09-03T20:52:30-04:00,2026-09-03,Thursday,20:52,WMH Service Desk,1200,36,432,8:50 PM
2026-09-03T20:52:30-04:00,2026-09-03,Thursday,20:52,McComas Hall Service Desk,600,45,270,8:50 PM
2026-09-03T20:52:30-04:00,2026-09-03,Thursday,20:52,Esports,55,36,20,8:50 PM
2026-09-03T20:52:30-04:00,2026-09-03,Thursday,20:52,Bouldering Wall,8,88,7,8:50 PM
2026-09-03T20:56:30-04:00,2026-09-03,Thursday,20:56,WMH Service Desk,1200,36,432,8:55 PM
2026-09-03T20:56:30-04:00,2026-09-03,Thursday,20:56,McComas Hall Service Desk,600,46,276,8:55 PM
2026-09-03T20:56:30-04:00,2026-09-03,Thursday,20:56,Esports,55,35,19,8:55 PM
2026-09-03T20:56:30-04:00,2026-09-03,Thursday,20:56,Bouldering Wall,8,88,7,8:55 PM
2026-09-03T21:04:31-04:00,2026-09-03,Thursday,21:04,WMH Service Desk,1200,36,432,9:00 PM
2026-09-03T21:04:31-04:00,2026-09-03,Thursday,21:04,McComas Hall Service Desk,600,48,288,9:00 PM
2026-09-03T21:04:31-04:00,2026-09-03,Thursday,21:04,Esports,55,35,19,9:00 PM
2026-09-03T21:04:31-04:00,2026-09-03,Thursday,21:04,Bouldering Wall,8,0,0,9:00 PM
2026-09-03T21:08:31-04:00,2026-09-03,Thursday,21:08,WMH Service Desk,1200,36,432,9:05 PM
2026-09-03T21:08:31-04:00,2026-09-03,Thursday,21:08,McComas Hall Service Desk,600,50,300,9:05 PM
2026-09-03T21:08:31-04:00,2026-09-03,Thursday,21:08,Esports,55,35,19,9:05 PM
2026-09-03T21:08:31-04:00,2026-09-03,Thursday,21:08,Bouldering Wall,8,0,0,9:05 PM
2026-09-03T21:12:31-04:00,2026-09-03,Thursday,21:12,WMH Service Desk,1200,36,432,9:10 PM
2026-09-03T21:12:31-04:00,2026-09-03,Thursday,21:12,McComas Hall Service Desk,600,49,294,9:10 PM
2026-09-03T21:12:31-04:00,2026-09-03,Thursday,21:12,Esports,55,35,19,9:10 PM
2026-09-03T21:12:31-04:00,2026-09-03,Thursday,21:12,Bouldering Wall,8,0,0,9:10 PM
2026-09-03T21:16:31-04:00,2026-09-03,Thursday,21:16,WMH Service Desk,1200,36,432,9:15 PM
2026-09-03T21:16:31-04:00,2026-09-03,Thursday,21:16,McComas Hall Service Desk,600,49,294,9:15 PM
2026-09-03T21:16:31-04:00,2026-09-03,Thursday,21:16,Esports,55,35,19,9:15 PM
2026-09-03T21:16:31-04:00,2026-09-03,Thursday,21:16,Bouldering Wall,8,0,0,9:15 PM
2026-09-04T10:05:24-04:00,2026-09-04,Friday,10:05,WMH Service Desk,1200,36,432,10:03 AM
2026-09-04T10:05:24-04:00,2026-09-04,Friday,10:05,McComas Hall Service Desk,600,13,78,10:03 AM
2026-09-04T10:05:24-04:00,2026-09-04,Friday,10:05,Esports,55,0,0,10:03 AM
2026-09-04T10:05:24-04:00,2026-09-04,Friday,10:05,Bouldering Wall,8,0,0,10:03 AM
2026-09-04T10:13:25-04:00,2026-09-04,Friday,10:13,WMH Service Desk,1200,36,432,10:08 AM
2026-09-04T10:13:25-04:00,2026-09-04,Friday,10:13,McComas Hall Service Desk,600,14,84,10:08 AM
2026-09-04T10:13:25-04:00,2026-09-04,Friday,10:13,Esports,55,0,0,10:08 AM
2026-09-04T10:13:25-04:00,2026-09-04,Friday,10:13,Bouldering Wall,8,0,0,10:08 AM
2026-09-04T10:17:26-04:00,2026-09-04,Friday,10:17,WMH Service Desk,1200,36,432,10:13 AM
2026-09-04T10:17:26-04:00,2026-09-04,Friday,10:17,McComas Hall Service Desk,600,15,90,10:13 AM
2026-09-04T10:17:26-04:00,2026-09-04,Friday,10:17,Esports,55,0,0,10:13 AM
2026-09-04T10:17:26-04:00,2026-09-04,Friday,10:17,Bouldering Wall,8,0,0,10:13 AM
2026-09-04T10:21:26-04:00,2026-09-04,Friday,10:21,WMH Service Desk,1200,36,432,10:18 AM
2026-09-04T10:21:26-04:00,2026-09-04,Friday,10:21,McComas Hall Service Desk,600,16,96,10:18 AM
2026-09-04T10:21:26-04:00,2026-09-04,Friday,10:21,Esports,55,0,0,10:18 AM
2026-09-04T10:21:26-04:00,2026-09-04,Friday,10:21,Bouldering Wall,8,0,0,10:18 AM
2026-09-04T10:25:26-04:00,2026-09-04,Friday,10:25,WMH Service Desk,1200,36,432,10:23 AM
2026-09-04T10:25:26-04:00,2026-09-04,Friday,10:25,McComas Hall Service Desk,600,18,108,10:23 AM
2026-09-04T10:25:26-04:00,2026-09-04,Friday,10:25,Esports,55,0,0,10:23 AM
2026-09-04T10:25:26-04:00,2026-09-04,Friday,10:25,Bouldering Wall,8,0,0,10:23 AM
2026-09-04T10:29:27-04:00,2026-09-04,Friday,10:29,WMH Service Desk,1200,36,432,10:29 AM
2026-09-04T10:29:27-04:00,2026-09-04,Friday,10:29,McComas Hall Service Desk,600,18,108,10:29 AM
2026-09-04T10:29:27-04:00,2026-09-04,Friday,10:29,Esports,55,0,0,10:29 AM
2026-09-04T10:29:27-04:00,2026-09-04,Friday,10:29,Bouldering Wall,8,0,0,10:29 AM
2026-09-04T13:36:23-04:00,2026-09-04,Friday,13:36,WMH Service Desk,1200,36,432,1:32 PM
2026-09-04T13:36:23-04:00,2026-09-04,Friday,13:36,McComas Hall Service Desk,600,20,120,1:32 PM
2026-09-04T13:36:23-04:00,2026-09-04,Friday,13:36,Esports,55,0,0,1:32 PM
2026-09-04T13:36:23-04:00,2026-09-04,Friday,13:36,Bouldering Wall,8,100,8,1:32 PM
2026-09-04T13:40:24-04:00,2026-09-04,Friday,13:40,WMH Service Desk,1200,36,432,1:37 PM
2026-09-04T13:40:24-04:00,2026-09-04,Friday,13:40,McComas Hall Service Desk,600,22,132,1:37 PM
2026-09-04T13:40:24-04:00,2026-09-04,Friday,13:40,Esports,55,0,0,1:37 PM
2026-09-04T13:40:24-04:00,2026-09-04,Friday,13:40,Bouldering Wall,8,100,8,1:37 PM
2026-09-04T13:44:24-04:00,2026-09-04,Friday,13:44,WMH Service Desk,1200,36,432,1:42 PM
2026-09-04T13:44:24-04:00,2026-09-04,Friday,13:44,McComas Hall Service Desk,600,23,138,1:42 PM
2026-09-04T13:44:24-04:00,2026-09-04,Friday,13:44,Esports,55,0,0,1:42 PM
2026-09-04T13:44:24-04:00,2026-09-04,Friday,13:44,Bouldering Wall,8,100,8,1:42 PM
2026-09-04T13:48:24-04:00,2026-09-04,Friday,13:48,WMH Service Desk,1200,36,432,1:47 PM
2026-09-04T13:48:24-04:00,2026-09-04,Friday,13:48,McComas Hall Service Desk,600,23,138,1:47 PM
2026-09-04T13:48:24-04:00,2026-09-04,Friday,13:48,Esports,55,0,0,1:47 PM
2026-09-04T13:48:24-04:00,2026-09-04,Friday,13:48,Bouldering Wall,8,100,8,1:47 PM
2026-09-04T13:56:24-04:00,2026-09-04,Friday,13:56,WMH Service Desk,1200,36,432,1:52 PM
2026-09-04T13:56:24-04:00,2026-09-04,Friday,13:56,McComas Hall Service Desk,600,25,150,1:52 PM
2026-09-04T13:56:24-04:00,2026-09-04,Friday,13:56,Esports,55,0,0,1:52 PM
2026-09-04T13:56:24-04:00,2026-09-04,Friday,13:56,Bouldering Wall,8,100,8,1:52 PM
2026-09-04T14:00:24-04:00,2026-09-04,Friday,14:00,WMH Service Desk,1200,36,432,1:57 PM
2026-09-04T14:00:24-04:00,2026-09-04,Friday,14:00,McComas Hall Service Desk,600,27,162,1:57 PM
2026-09-04T14:00:24-04:00,2026-09-04,Friday,14:00,Esports,55,0,0,1:57 PM
2026-09-04T14:00:24-04:00,2026-09-04,Friday,14:00,Bouldering Wall,8,62,5,1:57 PM
2026-09-04T14:04:25-04:00,2026-09-04,Friday,14:04,WMH Service Desk,1200,36,432,2:02 PM
2026-09-04T14:04:25-04:00,2026-09-04,Friday,14:04,McComas Hall Service Desk,600,29,174,2:02 PM
2026-09-04T14:04:25-04:00,2026-09-04,Friday,14:04,Esports,55,0,0,2:02 PM
2026-09-04T14:04:25-04:00,2026-09-04,Friday,14:04,Bouldering Wall,8,50,4,2:02 PM
2026-09-04T15:52:12-04:00,2026-09-04,Friday,15:52,WMH Service Desk,1200,36,432,3:47 PM
2026-09-04T15:52:12-04:00,2026-09-04,Friday,15:52,McComas Hall Service Desk,600,44,264,3:47 PM
2026-09-04T15:52:12-04:00,2026-09-04,Friday,15:52,Esports,55,15,8,3:47 PM
2026-09-04T15:52:12-04:00,2026-09-04,Friday,15:52,Bouldering Wall,8,75,6,3:47 PM
2026-09-04T15:56:12-04:00,2026-09-04,Friday,15:56,WMH Service Desk,1200,36,432,3:52 PM
2026-09-04T15:56:12-04:00,2026-09-04,Friday,15:56,McComas Hall Service Desk,600,44,264,3:52 PM
2026-09-04T15:56:12-04:00,2026-09-04,Friday,15:56,Esports,55,16,9,3:52 PM
2026-09-04T15:56:12-04:00,2026-09-04,Friday,15:56,Bouldering Wall,8,88,7,3:52 PM
2026-09-04T16:00:13-04:00,2026-09-04,Friday,16:00,WMH Service Desk,1200,36,432,3:57 PM
2026-09-04T16:00:13-04:00,2026-09-04,Friday,16:00,McComas Hall Service Desk,600,43,258,3:57 PM
2026-09-04T16:00:13-04:00,2026-09-04,Friday,16:00,Esports,55,16,9,3:57 PM
2026-09-04T16:00:13-04:00,2026-09-04,Friday,16:00,Bouldering Wall,8,50,4,3:57 PM
2026-09-04T16:04:13-04:00,2026-09-04,Friday,16:04,WMH Service Desk,1200,36,432,4:02 PM
2026-09-04T16:04:13-04:00,2026-09-04,Friday,16:04,McComas Hall Service Desk,600,42,252,4:02 PM
2026-09-04T16:04:13-04:00,2026-09-04,Friday,16:04,Esports,55,16,9,4:02 PM
2026-09-04T16:04:13-04:00,2026-09-04,Friday,16:04,Bouldering Wall,8,62,5,4:02 PM
2026-09-04T16:08:14-04:00,2026-09-04,Friday,16:08,WMH Service Desk,1200,36,432,4:07 PM
2026-09-04T16:08:14-04:00,2026-09-04,Friday,16:08,McComas Hall Service Desk,600,40,240,4:07 PM
2026-09-04T16:08:14-04:00,2026-09-04,Friday,16:08,Esports,55,16,9,4:07 PM
2026-09-04T16:08:14-04:00,2026-09-04,Friday,16:08,Bouldering Wall,8,50,4,4:07 PM
2026-09-04T16:16:15-04:00,2026-09-04,Friday,16:16,WMH Service Desk,1200,36,432,4:12 PM
2026-09-04T16:16:15-04:00,2026-09-04,Friday,16:16,McComas Hall Service Desk,600,42,252,4:12 PM
2026-09-04T16:16:15-04:00,2026-09-04,Friday,16:16,Esports,55,16,9,4:12 PM
2026-09-04T16:16:15-04:00,2026-09-04,Friday,16:16,Bouldering Wall,8,25,2,4:12 PM
2026-09-04T16:20:15-04:00,2026-09-04,Friday,16:20,WMH Service Desk,1200,36,432,4:17 PM
2026-09-04T16:20:15-04:00,2026-09-04,Friday,16:20,McComas Hall Service Desk,600,34,204,4:17 PM
2026-09-04T16:20:15-04:00,2026-09-04,Friday,16:20,Esports,55,16,9,4:17 PM
2026-09-04T16:20:15-04:00,2026-09-04,Friday,16:20,Bouldering Wall,8,38,3,4:17 PM
2026-09-04T18:09:08-04:00,2026-09-04,Friday,18:09,WMH Service Desk,1200,36,432,6:07 PM
2026-09-04T18:09:08-04:00,2026-09-04,Friday,18:09,McComas Hall Service Desk,600,23,138,6:07 PM
2026-09-04T18:09:08-04:00,2026-09-04,Friday,18:09,Esports,55,7,4,6:07 PM
2026-09-04T18:09:08-04:00,2026-09-04,Friday,18:09,Bouldering Wall,8,75,6,6:07 PM
2026-09-04T18:13:08-04:00,2026-09-04,Friday,18:13,WMH Service Desk,1200,36,432,6:12 PM
2026-09-04T18:13:08-04:00,2026-09-04,Friday,18:13,McComas Hall Service Desk,600,22,132,6:12 PM
2026-09-04T18:13:08-04:00,2026-09-04,Friday,18:13,Esports,55,7,4,6:12 PM
2026-09-04T18:13:08-04:00,2026-09-04,Friday,18:13,Bouldering Wall,8,75,6,6:12 PM
2026-09-04T18:21:10-04:00,2026-09-04,Friday,18:21,WMH Service Desk,1200,36,432,6:17 PM
2026-09-04T18:21:10-04:00,2026-09-04,Friday,18:21,McComas Hall Service Desk,600,22,132,6:17 PM
2026-09-04T18:21:10-04:00,2026-09-04,Friday,18:21,Esports,55,7,4,6:17 PM
2026-09-04T18:21:10-04:00,2026-09-04,Friday,18:21,Bouldering Wall,8,75,6,6:17 PM
2026-09-04T18:25:10-04:00,2026-09-04,Friday,18:25,WMH Service Desk,1200,36,432,6:23 PM
2026-09-04T18:25:10-04:00,2026-09-04,Friday,18:25,McComas Hall Service Desk,600,23,138,6:23 PM
2026-09-04T18:25:10-04:00,2026-09-04,Friday,18:25,Esports,55,7,4,6:23 PM
2026-09-04T18:25:10-04:00,2026-09-04,Friday,18:25,Bouldering Wall,8,75,6,6:23 PM
2026-09-04T18:29:11-04:00,2026-09-04,Friday,18:29,WMH Service Desk,1200,36,432,6:28 PM
2026-09-04T18:29:11-04:00,2026-09-04,Friday,18:29,McComas Hall Service Desk,600,23,138,6:28 PM
2026-09-04T18:29:11-04:00,2026-09-04,Friday,18:29,Esports,55,7,4,6:28 PM
2026-09-04T18:29:11-04:00,2026-09-04,Friday,18:29,Bouldering Wall,8,75,6,6:28 PM
2026-09-04T18:37:12-04:00,2026-09-04,Friday,18:37,WMH Service Desk,1200,36,432,6:33 PM
2026-09-04T18:37:12-04:00,2026-09-04,Friday,18:37,McComas Hall Service Desk,600,22,132,6:33 PM
2026-09-04T18:37:12-04:00,2026-09-04,Friday,18:37,Esports,55,11,6,6:33 PM
2026-09-04T18:37:12-04:00,2026-09-04,Friday,18:37,Bouldering Wall,8,75,6,6:33 PM
2026-09-04T20:06:55-04:00,2026-09-04,Friday,20:06,WMH Service Desk,1200,36,432,8:03 PM
2026-09-04T20:06:55-04:00,2026-09-04,Friday,20:06,McComas Hall Service Desk,600,18,108,8:03 PM
2026-09-04T20:06:55-04:00,2026-09-04,Friday,20:06,Esports,55,20,11,8:03 PM
2026-09-04T20:06:55-04:00,2026-09-04,Friday,20:06,Bouldering Wall,8,75,6,8:03 PM
2026-09-04T20:10:56-04:00,2026-09-04,Friday,20:10,WMH Service Desk,1200,36,432,8:08 PM
2026-09-04T20:10:56-04:00,2026-09-04,Friday,20:10,McComas Hall Service Desk,600,18,108,8:08 PM
2026-09-04T20:10:56-04:00,2026-09-04,Friday,20:10,Esports,55,20,11,8:08 PM
2026-09-04T20:10:56-04:00,2026-09-04,Friday,20:10,Bouldering Wall,8,75,6,8:08 PM
2026-09-04T20:14:56-04:00,2026-09-04,Friday,20:14,WMH Service Desk,1200,36,432,8:13 PM
2026-09-04T20:14:56-04:00,2026-09-04,Friday,20:14,McComas Hall Service Desk,600,18,108,8:13 PM
2026-09-04T20:14:56-04:00,2026-09-04,Friday,20:14,Esports,55,20,11,8:13 PM
2026-09-04T20:14:56-04:00,2026-09-04,Friday,20:14,Bouldering Wall,8,75,6,8:13 PM
2026-09-04T20:18:56-04:00,2026-09-04,Friday,20:18,WMH Service Desk,1200,36,432,8:18 PM
2026-09-04T20:18:56-04:00,2026-09-04,Friday,20:18,McComas Hall Service Desk,600,19,114,8:18 PM
2026-09-04T20:18:56-04:00,2026-09-04,Friday,20:18,Esports,55,24,13,8:18 PM
2026-09-04T20:18:56-04:00,2026-09-04,Friday,20:18,Bouldering Wall,8,75,6,8:18 PM
2026-09-04T20:26:57-04:00,2026-09-04,Friday,20:26,WMH Service Desk,1200,36,432,8:23 PM
2026-09-04T20:26:57-04:00,2026-09-04,Friday,20:26,McComas Hall Service Desk,600,21,126,8:23 PM
2026-09-04T20:26:57-04:00,2026-09-04,Friday,20:26,Esports,55,24,13,8:23 PM
2026-09-04T20:26:57-04:00,2026-09-04,Friday,20:26,Bouldering Wall,8,75,6,8:23 PM
2026-09-04T20:30:57-04:00,2026-09-04,Friday,20:30,WMH Service Desk,1200,36,432,8:28 PM
2026-09-04T20:30:57-04:00,2026-09-04,Friday,20:30,McComas Hall Service Desk,600,21,126,8:28 PM
2026-09-04T20:30:57-04:00,2026-09-04,Friday,20:30,Esports,55,22,12,8:28 PM
2026-09-04T20:30:57-04:00,2026-09-04,Friday,20:30,Bouldering Wall,8,75,6,8:28 PM
2026-09-04T20:34:57-04:00,2026-09-04,Friday,20:34,WMH Service Desk,1200,36,432,8:33 PM
2026-09-04T20:34:57-04:00,2026-09-04,Friday,20:34,McComas Hall Service Desk,600,21,126,8:33 PM
2026-09-04T20:34:57-04:00,2026-09-04,Friday,20:34,Esports,55,22,12,8:33 PM
2026-09-04T20:34:57-04:00,2026-09-04,Friday,20:34,Bouldering Wall,8,50,4,8:33 PM
2026-09-08T10:16:45-04:00,2026-09-08,Tuesday,10:16,WMH Service Desk,1200,36,432,10:14 AM
2026-09-08T10:16:45-04:00,2026-09-08,Tuesday,10:16,McComas Hall Service Desk,600,30,180,10:14 AM
2026-09-08T10:16:45-04:00,2026-09-08,Tuesday,10:16,Esports,55,0,0,10:14 AM
2026-09-08T10:16:45-04:00,2026-09-08,Tuesday,10:16,Bouldering Wall,8,0,0,10:14 AM
2026-09-08T10:20:46-04:00,2026-09-08,Tuesday,10:20,WMH Service Desk,1200,36,432,10:19 AM
2026-09-08T10:20:46-04:00,2026-09-08,Tuesday,10:20,McComas Hall Service Desk,600,30,180,10:19 AM
2026-09-08T10:20:46-04:00,2026-09-08,Tuesday,10:20,Esports,55,0,0,10:19 AM
2026-09-08T10:20:46-04:00,2026-09-08,Tuesday,10:20,Bouldering Wall,8,0,0,10:19 AM
2026-09-08T10:28:46-04:00,2026-09-08,Tuesday,10:28,WMH Service Desk,1200,36,432,10:24 AM
2026-09-08T10:28:46-04:00,2026-09-08,Tuesday,10:28,McComas Hall Service Desk,600,30,180,10:24 AM
2026-09-08T10:28:46-04:00,2026-09-08,Tuesday,10:28,Esports,55,0,0,10:24 AM
2026-09-08T10:28:46-04:00,2026-09-08,Tuesday,10:28,Bouldering Wall,8,0,0,10:24 AM
2026-09-08T10:32:46-04:00,2026-09-08,Tuesday,10:32,WMH Service Desk,1200,36,432,10:29 AM
2026-09-08T10:32:46-04:00,2026-09-08,Tuesday,10:32,McComas Hall Service Desk,600,30,180,10:29 AM
2026-09-08T10:32:46-04:00,2026-09-08,Tuesday,10:32,Esports,55,0,0,10:29 AM
2026-09-08T10:32:46-04:00,2026-09-08,Tuesday,10:32,Bouldering Wall,8,0,0,10:29 AM
2026-09-08T10:36:46-04:00,2026-09-08,Tuesday,10:36,WMH Service Desk,1200,36,432,10:34 AM
2026-09-08T10:36:46-04:00,2026-09-08,Tuesday,10:36,McComas Hall Service Desk,600,28,168,10:34 AM
2026-09-08T10:36:46-04:00,2026-09-08,Tuesday,10:36,Esports,55,0,0,10:34 AM
2026-09-08T10:36:46-04:00,2026-09-08,Tuesday,10:36,Bouldering Wall,8,0,0,10:34 AM
2026-09-08T10:40:46-04:00,2026-09-08,Tuesday,10:40,WMH Service Desk,1200,36,432,10:39 AM
2026-09-08T10:40:46-04:00,2026-09-08,Tuesday,10:40,McComas Hall Service Desk,600,29,174,10:39 AM
2026-09-08T10:40:46-04:00,2026-09-08,Tuesday,10:40,Esports,55,0,0,10:39 AM
2026-09-08T10:40:46-04:00,2026-09-08,Tuesday,10:40,Bouldering Wall,8,0,0,10:39 AM
2026-09-08T14:00:06-04:00,2026-09-08,Tuesday,14:00,WMH Service Desk,1200,36,432,1:55 PM
2026-09-08T14:00:06-04:00,2026-09-08,Tuesday,14:00,McComas Hall Service Desk,600,72,432,1:55 PM
2026-09-08T14:00:06-04:00,2026-09-08,Tuesday,14:00,Esports,55,0,0,1:55 PM
2026-09-08T14:00:06-04:00,2026-09-08,Tuesday,14:00,Bouldering Wall,8,100,8,1:55 PM
2026-09-08T14:04:07-04:00,2026-09-08,Tuesday,14:04,WMH Service Desk,1200,36,432,2:00 PM
2026-09-08T14:04:07-04:00,2026-09-08,Tuesday,14:04,McComas Hall Service Desk,600,74,444,2:00 PM
2026-09-08T14:04:07-04:00,2026-09-08,Tuesday,14:04,Esports,55,0,0,2:00 PM
2026-09-08T14:04:07-04:00,2026-09-08,Tuesday,14:04,Bouldering Wall,8,88,7,2:00 PM
2026-09-08T14:08:07-04:00,2026-09-08,Tuesday,14:08,WMH Service Desk,1200,36,432,2:05 PM
2026-09-08T14:08:07-04:00,2026-09-08,Tuesday,14:08,McComas Hall Service Desk,600,76,456,2:05 PM
2026-09-08T14:08:07-04:00,2026-09-08,Tuesday,14:08,Esports,55,0,0,2:05 PM
2026-09-08T14:08:07-04:00,2026-09-08,Tuesday,14:08,Bouldering Wall,8,88,7,2:05 PM
2026-09-08T14:12:08-04:00,2026-09-08,Tuesday,14:12,WMH Service Desk,1200,36,432,2:10 PM
2026-09-08T14:12:08-04:00,2026-09-08,Tuesday,14:12,McComas Hall Service Desk,600,78,468,2:10 PM
2026-09-08T14:12:08-04:00,2026-09-08,Tuesday,14:12,Esports,55,0,0,2:10 PM
2026-09-08T14:12:08-04:00,2026-09-08,Tuesday,14:12,Bouldering Wall,8,88,7,2:10 PM
2026-09-08T14:16:08-04:00,2026-09-08,Tuesday,14:16,WMH Service Desk,1200,36,432,2:15 PM
2026-09-08T14:16:08-04:00,2026-09-08,Tuesday,14:16,McComas Hall Service Desk,600,79,474,2:15 PM
2026-09-08T14:16:08-04:00,2026-09-08,Tuesday,14:16,Esports,55,0,0,2:15 PM
2026-09-08T14:16:08-04:00,2026-09-08,Tuesday,14:16,Bouldering Wall,8,88,7,2:15 PM
2026-09-08T14:24:09-04:00,2026-09-08,Tuesday,14:24,WMH Service Desk,1200,36,432,2:20 PM
2026-09-08T14:24:09-04:00,2026-09-08,Tuesday,14:24,McComas Hall Service Desk,600,80,480,2:20 PM
2026-09-08T14:24:09-04:00,2026-09-08,Tuesday,14:24,Esports,55,0,0,2:20 PM
2026-09-08T14:24:09-04:00,2026-09-08,Tuesday,14:24,Bouldering Wall,8,100,8,2:20 PM
2026-09-08T14:28:10-04:00,2026-09-08,Tuesday,14:28,WMH Service Desk,1200,36,432,2:25 PM
2026-09-08T14:28:10-04:00,2026-09-08,Tuesday,14:28,McComas Hall Service Desk,600,82,492,2:25 PM
2026-09-08T14:28:10-04:00,2026-09-08,Tuesday,14:28,Esports,55,0,0,2:25 PM
2026-09-08T14:28:10-04:00,2026-09-08,Tuesday,14:28,Bouldering Wall,8,100,8,2:25 PM
2026-09-08T17:03:28-04:00,2026-09-08,Tuesday,17:03,WMH Service Desk,1200,36,432,5:01 PM
2026-09-08T17:03:28-04:00,2026-09-08,Tuesday,17:03,McComas Hall Service Desk,600,87,522,5:01 PM
2026-09-08T17:03:28-04:00,2026-09-08,Tuesday,17:03,Esports,55,22,12,5:01 PM
2026-09-08T17:03:28-04:00,2026-09-08,Tuesday,17:03,Bouldering Wall,8,88,7,5:01 PM
2026-09-08T17:07:28-04:00,2026-09-08,Tuesday,17:07,WMH Service Desk,1200,36,432,5:06 PM
2026-09-08T17:07:28-04:00,2026-09-08,Tuesday,17:07,McComas Hall Service Desk,600,68,408,5:06 PM
2026-09-08T17:07:28-04:00,2026-09-08,Tuesday,17:07,Esports,55,22,12,5:06 PM
2026-09-08T17:07:28-04:00,2026-09-08,Tuesday,17:07,Bouldering Wall,8,88,7,5:06 PM
2026-09-08T17:15:29-04:00,2026-09-08,Tuesday,17:15,WMH Service Desk,1200,36,432,5:11 PM
2026-09-08T17:15:29-04:00,2026-09-08,Tuesday,17:15,McComas Hall Service Desk,600,72,432,5:11 PM
2026-09-08T17:15:29-04:00,2026-09-08,Tuesday,17:15,Esports,55,24,13,5:11 PM
2026-09-08T17:15:29-04:00,2026-09-08,Tuesday,17:15,Bouldering Wall,8,62,5,5:11 PM
2026-09-08T17:19:30-04:00,2026-09-08,Tuesday,17:19,WMH Service Desk,1200,36,432,5:16 PM
2026-09-08T17:19:30-04:00,2026-09-08,Tuesday,17:19,McComas Hall Service Desk,600,70,420,5:16 PM
2026-09-08T17:19:30-04:00,2026-09-08,Tuesday,17:19,Esports,55,25,14,5:16 PM
2026-09-08T17:19:30-04:00,2026-09-08,Tuesday,17:19,Bouldering Wall,8,62,5,5:16 PM
2026-09-08T17:23:30-04:00,2026-09-08,Tuesday,17:23,WMH Service Desk,1200,36,432,5:21 PM
2026-09-08T17:23:30-04:00,2026-09-08,Tuesday,17:23,McComas Hall Service Desk,600,71,426,5:21 PM
2026-09-08T17:23:30-04:00,2026-09-08,Tuesday,17:23,Esports,55,25,14,5:21 PM
2026-09-08T17:23:30-04:00,2026-09-08,Tuesday,17:23,Bouldering Wall,8,62,5,5:21 PM
2026-09-08T17:27:31-04:00,2026-09-08,Tuesday,17:27,WMH Service Desk,1200,36,432,5:26 PM
2026-09-08T17:27:31-04:00,2026-09-08,Tuesday,17:27,McComas Hall Service Desk,600,73,438,5:26 PM
2026-09-08T17:27:31-04:00,2026-09-08,Tuesday,17:27,Esports,55,25,14,5:26 PM
2026-09-08T17:27:31-04:00,2026-09-08,Tuesday,17:27,Bouldering Wall,8,62,5,5:26 PM
2026-09-08T19:23:24-04:00,2026-09-08,Tuesday,19:23,WMH Service Desk,1200,36,432,7:21 PM
2026-09-08T19:23:24-04:00,2026-09-08,Tuesday,19:23,McComas Hall Service Desk,600,45,270,7:21 PM
2026-09-08T19:23:24-04:00,2026-09-08,Tuesday,19:23,Esports,55,11,6,7:21 PM
2026-09-08T19:23:24-04:00,2026-09-08,Tuesday,19:23,Bouldering Wall,8,100,8,7:21 PM
2026-09-08T19:27:25-04:00,2026-09-08,Tuesday,19:27,WMH Service Desk,1200,36,432,7:26 PM
2026-09-08T19:27:25-04:00,2026-09-08,Tuesday,19:27,McComas Hall Service Desk,600,46,276,7:26 PM
2026-09-08T19:27:25-04:00,2026-09-08,Tuesday,19:27,Esports,55,11,6,7:26 PM
2026-09-08T19:27:25-04:00,2026-09-08,Tuesday,19:27,Bouldering Wall,8,100,8,7:26 PM
2026-09-08T19:35:25-04:00,2026-09-08,Tuesday,19:35,WMH Service Desk,1200,36,432,7:31 PM
2026-09-08T19:35:25-04:00,2026-09-08,Tuesday,19:35,McComas Hall Service Desk,600,47,282,7:31 PM
2026-09-08T19:35:25-04:00,2026-09-08,Tuesday,19:35,Esports,55,11,6,7:31 PM
2026-09-08T19:35:25-04:00,2026-09-08,Tuesday,19:35,Bouldering Wall,8,75,6,7:31 PM
2026-09-08T19:39:26-04:00,2026-09-08,Tuesday,19:39,WMH Service Desk,1200,36,432,7:36 PM
2026-09-08T19:39:26-04:00,2026-09-08,Tuesday,19:39,McComas Hall Service Desk,600,46,276,7:36 PM
2026-09-08T19:39:26-04:00,2026-09-08,Tuesday,19:39,Esports,55,11,6,7:36 PM
2026-09-08T19:39:26-04:00,2026-09-08,Tuesday,19:39,Bouldering Wall,8,75,6,7:36 PM
2026-09-08T19:43:26-04:00,2026-09-08,Tuesday,19:43,WMH Service Desk,1200,36,432,7:41 PM
2026-09-08T19:43:26-04:00,2026-09-08,Tuesday,19:43,McComas Hall Service Desk,600,49,294,7:41 PM
2026-09-08T19:43:26-04:00,2026-09-08,Tuesday,19:43,Esports,55,13,7,7:41 PM
2026-09-08T19:43:26-04:00,2026-09-08,Tuesday,19:43,Bouldering Wall,8,75,6,7:41 PM
2026-09-08T19:47:26-04:00,2026-09-08,Tuesday,19:47,WMH Service Desk,1200,36,432,7:46 PM
2026-09-08T19:47:26-04:00,2026-09-08,Tuesday,19:47,McComas Hall Service Desk,600,52,312,7:46 PM
2026-09-08T19:47:26-04:00,2026-09-08,Tuesday,19:47,Esports,55,13,7,7:46 PM
2026-09-08T19:47:26-04:00,2026-09-08,Tuesday,19:47,Bouldering Wall,8,75,6,7:46 PM
2026-09-08T21:22:38-04:00,2026-09-08,Tuesday,21:22,WMH Service Desk,1200,36,432,9:22 PM
2026-09-08T21:22:38-04:00,2026-09-08,Tuesday,21:22,McComas Hall Service Desk,600,28,168,9:22 PM
2026-09-08T21:22:38-04:00,2026-09-08,Tuesday,21:22,Esports,55,15,8,9:22 PM
2026-09-08T21:22:38-04:00,2026-09-08,Tuesday,21:22,Bouldering Wall,8,62,5,9:22 PM
2026-09-08T21:30:39-04:00,2026-09-08,Tuesday,21:30,WMH Service Desk,1200,36,432,9:27 PM
2026-09-08T21:30:39-04:00,2026-09-08,Tuesday,21:30,McComas Hall Service Desk,600,32,192,9:27 PM
2026-09-08T21:30:39-04:00,2026-09-08,Tuesday,21:30,Esports,55,15,8,9:27 PM
2026-09-08T21:30:39-04:00,2026-09-08,Tuesday,21:30,Bouldering Wall,8,62,5,9:27 PM
2026-09-08T21:34:39-04:00,2026-09-08,Tuesday,21:34,WMH Service Desk,1200,36,432,9:32 PM
2026-09-08T21:34:39-04:00,2026-09-08,Tuesday,21:34,McComas Hall Service Desk,600,33,198,9:32 PM
2026-09-08T21:34:39-04:00,2026-09-08,Tuesday,21:34,Esports,55,15,8,9:32 PM
2026-09-08T21:34:39-04:00,2026-09-08,Tuesday,21:34,Bouldering Wall,8,62,5,9:32 PM
2026-09-08T21:38:40-04:00,2026-09-08,Tuesday,21:38,WMH Service Desk,1200,36,432,9:37 PM
2026-09-08T21:38:40-04:00,2026-09-08,Tuesday,21:38,McComas Hall Service Desk,600,34,204,9:37 PM
2026-09-08T21:38:40-04:00,2026-09-08,Tuesday,21:38,Esports,55,15,8,9:37 PM
2026-09-08T21:38:40-04:00,2026-09-08,Tuesday,21:38,Bouldering Wall,8,62,5,9:37 PM
2026-09-08T21:46:41-04:00,2026-09-08,Tuesday,21:46,WMH Service Desk,1200,36,432,9:42 PM
2026-09-08T21:46:41-04:00,2026-09-08,Tuesday,21:46,McComas Hall Service Desk,600,36,216,9:42 PM
2026-09-08T21:46:41-04:00,2026-09-08,Tuesday,21:46,Esports,55,15,8,9:42 PM
2026-09-08T21:46:41-04:00,2026-09-08,Tuesday,21:46,Bouldering Wall,8,62,5,9:42 PM
2026-09-08T21:50:41-04:00,2026-09-08,Tuesday,21:50,WMH Service Desk,1200,36,432,9:47 PM
2026-09-08T21:50:41-04:00,2026-09-08,Tuesday,21:50,McComas Hall Service Desk,600,37,222,9:47 PM
2026-09-08T21:50:41-04:00,2026-09-08,Tuesday,21:50,Esports,55,15,8,9:47 PM
2026-09-08T21:50:41-04:00,2026-09-08,Tuesday,21:50,Bouldering Wall,8,62,5,9:47 PM
2026-09-09T07:43:00-04:00,2026-09-09,Wednesday,07:43,WMH Service Desk,1200,36,432,7:42 AM
2026-09-09T07:43:00-04:00,2026-09-09,Wednesday,07:43,McComas Hall Service Desk,600,24,144,7:42 AM
2026-09-09T07:43:00-04:00,2026-09-09,Wednesday,07:43,Esports,55,7,4,7:42 AM
2026-09-09T07:43:00-04:00,2026-09-09,Wednesday,07:43,Bouldering Wall,8,62,5,7:42 AM
2026-09-09T07:51:01-04:00,2026-09-09,Wednesday,07:51,WMH Service Desk,1200,36,432,7:47 AM
2026-09-09T07:51:01-04:00,2026-09-09,Wednesday,07:51,McComas Hall Service Desk,600,26,156,7:47 AM
2026-09-09T07:51:01-04:00,2026-09-09,Wednesday,07:51,Esports,55,7,4,7:47 AM
2026-09-09T07:51:01-04:00,2026-09-09,Wednesday,07:51,Bouldering Wall,8,62,5,7:47 AM
2026-09-09T07:55:01-04:00,2026-09-09,Wednesday,07:55,WMH Service Desk,1200,36,432,7:52 AM
2026-09-09T07:55:01-04:00,2026-09-09,Wednesday,07:55,McComas Hall Service Desk,600,26,156,7:52 AM
2026-09-09T07:55:01-04:00,2026-09-09,Wednesday,07:55,Esports,55,7,4,7:52 AM
2026-09-09T07:55:01-04:00,2026-09-09,Wednesday,07:55,Bouldering Wall,8,62,5,7:52 AM
2026-09-09T07:59:01-04:00,2026-09-09,Wednesday,07:59,WMH Service Desk,1200,36,432,7:57 AM
2026-09-09T07:59:01-04:00,2026-09-09,Wednesday,07:59,McComas Hall Service Desk,600,27,162,7:57 AM
2026-09-09T07:59:01-04:00,2026-09-09,Wednesday,07:59,Esports,55,7,4,7:57 AM
2026-09-09T07:59:01-04:00,2026-09-09,Wednesday,07:59,Bouldering Wall,8,62,5,7:57 AM
2026-09-09T08:07:01-04:00,2026-09-09,Wednesday,08:07,WMH Service Desk,1200,36,432,8:02 AM
2026-09-09T08:07:01-04:00,2026-09-09,Wednesday,08:07,McComas Hall Service Desk,600,30,180,8:02 AM
2026-09-09T08:07:01-04:00,2026-09-09,Wednesday,08:07,Esports,55,7,4,8:02 AM
2026-09-09T08:07:01-04:00,2026-09-09,Wednesday,08:07,Bouldering Wall,8,62,5,8:02 AM
2026-09-09T08:11:01-04:00,2026-09-09,Wednesday,08:11,WMH Service Desk,1200,36,432,8:07 AM
2026-09-09T08:11:01-04:00,2026-09-09,Wednesday,08:11,McComas Hall Service Desk,600,30,180,8:07 AM
2026-09-09T08:11:01-04:00,2026-09-09,Wednesday,08:11,Esports,55,7,4,8:07 AM
2026-09-09T08:11:01-04:00,2026-09-09,Wednesday,08:11,Bouldering Wall,8,62,5,8:07 AM
2026-09-09T11:19:01-04:00,2026-09-09,Wednesday,11:19,WMH Service Desk,1200,36,432,11:15 AM
2026-09-09T11:19:01-04:00,2026-09-09,Wednesday,11:19,McComas Hall,600,34,204,11:15 AM
2026-09-09T11:19:01-04:00,2026-09-09,Wednesday,11:19,Esports,55,7,4,11:15 AM
2026-09-09T11:19:01-04:00,2026-09-09,Wednesday,11:19,Bouldering Wall,8,62,5,11:15 AM
2026-09-09T11:23:02-04:00,2026-09-09,Wednesday,11:23,WMH Service Desk,1200,36,432,11:20 AM
2026-09-09T11:23:02-04:00,2026-09-09,Wednesday,11:23,McComas Hall,600,33,198,11:20 AM
2026-09-09T11:23:02-04:00,2026-09-09,Wednesday,11:23,Esports,55,7,4,11:20 AM
2026-09-09T11:23:02-04:00,2026-09-09,Wednesday,11:23,Bouldering Wall,8,62,5,11:20 AM
2026-09-09T11:31:02-04:00,2026-09-09,Wednesday,11:31,WMH Service Desk,1200,36,432,11:25 AM
2026-09-09T11:31:02-04:00,2026-09-09,Wednesday,11:31,McComas Hall,600,34,204,11:25 AM
2026-09-09T11:31:02-04:00,2026-09-09,Wednesday,11:31,Esports,55,7,4,11:25 AM
2026-09-09T11:31:02-04:00,2026-09-09,Wednesday,11:31,Bouldering Wall,8,62,5,11:25 AM
2026-09-09T11:35:02-04:00,2026-09-09,Wednesday,11:35,WMH Service Desk,1200,36,432,11:30 AM
2026-09-09T11:35:02-04:00,2026-09-09,Wednesday,11:35,McComas Hall,600,35,210,11:30 AM
2026-09-09T11:35:02-04:00,2026-09-09,Wednesday,11:35,Esports,55,7,4,11:30 AM
2026-09-09T11:35:02-04:00,2026-09-09,Wednesday,11:35,Bouldering Wall,8,62,5,11:30 AM
2026-09-09T11:39:03-04:00,2026-09-09,Wednesday,11:39,WMH Service Desk,1200,36,432,11:35 AM
2026-09-09T11:39:03-04:00,2026-09-09,Wednesday,11:39,McComas Hall,600,27,162,11:35 AM
2026-09-09T11:39:03-04:00,2026-09-09,Wednesday,11:39,Esports,55,7,4,11:35 AM
2026-09-09T11:39:03-04:00,2026-09-09,Wednesday,11:39,Bouldering Wall,8,62,5,11:35 AM
2026-09-09T11:43:03-04:00,2026-09-09,Wednesday,11:43,WMH Service Desk,1200,36,432,11:40 AM
2026-09-09T11:43:03-04:00,2026-09-09,Wednesday,11:43,McComas Hall,600,27,162,11:40 AM
2026-09-09T11:43:03-04:00,2026-09-09,Wednesday,11:43,Esports,55,7,4,11:40 AM
2026-09-09T11:43:03-04:00,2026-09-09,Wednesday,11:43,Bouldering Wall,8,62,5,11:40 AM
2026-09-09T11:47:03-04:00,2026-09-09,Wednesday,11:47,WMH Service Desk,1200,36,432,11:45 AM
2026-09-09T11:47:03-04:00,2026-09-09,Wednesday,11:47,McComas Hall,600,29,174,11:45 AM
2026-09-09T11:47:03-04:00,2026-09-09,Wednesday,11:47,Esports,55,7,4,11:45 AM
2026-09-09T11:47:03-04:00,2026-09-09,Wednesday,11:47,Bouldering Wall,8,62,5,11:45 AM
2026-09-09T14:46:49-04:00,2026-09-09,Wednesday,14:46,WMH Service Desk,1200,36,432,2:42 PM
2026-09-09T14:46:49-04:00,2026-09-09,Wednesday,14:46,McComas Hall,600,33,198,2:42 PM
2026-09-09T14:46:49-04:00,2026-09-09,Wednesday,14:46,Esports,55,7,4,2:42 PM
2026-09-09T14:46:49-04:00,2026-09-09,Wednesday,14:46,Bouldering Wall,8,50,4,2:42 PM
2026-09-09T14:50:49-04:00,2026-09-09,Wednesday,14:50,WMH Service Desk,1200,36,432,2:47 PM
2026-09-09T14:50:49-04:00,2026-09-09,Wednesday,14:50,McComas Hall,600,33,198,2:47 PM
2026-09-09T14:50:49-04:00,2026-09-09,Wednesday,14:50,Esports,55,7,4,2:47 PM
2026-09-09T14:50:49-04:00,2026-09-09,Wednesday,14:50,Bouldering Wall,8,50,4,2:47 PM
2026-09-09T14:54:49-04:00,2026-09-09,Wednesday,14:54,WMH Service Desk,1200,36,432,2:52 PM
2026-09-09T14:54:49-04:00,2026-09-09,Wednesday,14:54,McComas Hall,600,35,210,2:52 PM
2026-09-09T14:54:49-04:00,2026-09-09,Wednesday,14:54,Esports,55,7,4,2:52 PM
2026-09-09T14:54:49-04:00,2026-09-09,Wednesday,14:54,Bouldering Wall,8,50,4,2:52 PM
2026-09-09T14:58:49-04:00,2026-09-09,Wednesday,14:58,WMH Service Desk,1200,36,432,2:57 PM
2026-09-09T14:58:49-04:00,2026-09-09,Wednesday,14:58,McComas Hall,600,36,216,2:57 PM
2026-09-09T14:58:49-04:00,2026-09-09,Wednesday,14:58,Esports,55,7,4,2:57 PM
2026-09-09T14:58:49-04:00,2026-09-09,Wednesday,14:58,Bouldering Wall,8,50,4,2:57 PM
2026-09-09T15:02:49-04:00,2026-09-09,Wednesday,15:02,WMH Service Desk,1200,36,432,3:02 PM
2026-09-09T15:02:49-04:00,2026-09-09,Wednesday,15:02,McComas Hall,600,37,222,3:02 PM
2026-09-09T15:02:49-04:00,2026-09-09,Wednesday,15:02,Esports,55,7,4,3:02 PM
2026-09-09T15:02:49-04:00,2026-09-09,Wednesday,15:02,Bouldering Wall,8,50,4,3:02 PM
2026-09-09T15:10:50-04:00,2026-09-09,Wednesday,15:10,WMH Service Desk,1200,36,432,3:07 PM
2026-09-09T15:10:50-04:00,2026-09-09,Wednesday,15:10,McComas Hall,600,37,222,3:07 PM
2026-09-09T15:10:50-04:00,2026-09-09,Wednesday,15:10,Esports,55,0,0,3:07 PM
2026-09-09T15:10:50-04:00,2026-09-09,Wednesday,15:10,Bouldering Wall,8,25,2,3:07 PM
2026-09-09T15:14:50-04:00,2026-09-09,Wednesday,15:14,WMH Service Desk,1200,36,432,3:12 PM
2026-09-09T15:14:50-04:00,2026-09-09,Wednesday,15:14,McComas Hall,600,36,216,3:12 PM
2026-09-09T15:14:50-04:00,2026-09-09,Wednesday,15:14,Esports,55,0,0,3:12 PM
2026-09-09T15:14:50-04:00,2026-09-09,Wednesday,15:14,Bouldering Wall,8,62,5,3:12 PM
2026-09-09T17:30:22-04:00,2026-09-09,Wednesday,17:30,WMH Service Desk,1200,61,732,5:29 PM
2026-09-09T17:30:22-04:00,2026-09-09,Wednesday,17:30,McComas Hall,600,43,258,5:29 PM
2026-09-09T17:30:22-04:00,2026-09-09,Wednesday,17:30,Esports,55,13,7,5:29 PM
2026-09-09T17:30:22-04:00,2026-09-09,Wednesday,17:30,Bouldering Wall,8,100,8,5:29 PM
2026-09-09T17:38:23-04:00,2026-09-09,Wednesday,17:38,WMH Service Desk,1200,64,768,5:34 PM
2026-09-09T17:38:23-04:00,2026-09-09,Wednesday,17:38,McComas Hall,600,43,258,5:34 PM
2026-09-09T17:38:23-04:00,2026-09-09,Wednesday,17:38,Esports,55,15,8,5:34 PM
2026-09-09T17:38:23-04:00,2026-09-09,Wednesday,17:38,Bouldering Wall,8,100,8,5:34 PM
2026-09-09T17:42:24-04:00,2026-09-09,Wednesday,17:42,WMH Service Desk,1200,66,792,5:39 PM
2026-09-09T17:42:24-04:00,2026-09-09,Wednesday,17:42,McComas Hall,600,43,258,5:39 PM
2026-09-09T17:42:24-04:00,2026-09-09,Wednesday,17:42,Esports,55,15,8,5:39 PM
2026-09-09T17:42:24-04:00,2026-09-09,Wednesday,17:42,Bouldering Wall,8,100,8,5:39 PM
2026-09-09T17:46:24-04:00,2026-09-09,Wednesday,17:46,WMH Service Desk,1200,68,816,5:44 PM
2026-09-09T17:46:24-04:00,2026-09-09,Wednesday,17:46,McComas Hall,600,43,258,5:44 PM
2026-09-09T17:46:24-04:00,2026-09-09,Wednesday,17:46,Esports,55,15,8,5:44 PM
2026-09-09T17:46:24-04:00,2026-09-09,Wednesday,17:46,Bouldering Wall,8,100,8,5:44 PM
2026-09-09T17:50:24-04:00,2026-09-09,Wednesday,17:50,WMH Service Desk,1200,69,828,5:47 PM
2026-09-09T17:50:24-04:00,2026-09-09,Wednesday,17:50,McComas Hall,600,43,258,5:47 PM
2026-09-09T17:50:24-04:00,2026-09-09,Wednesday,17:50,Esports,55,13,7,5:47 PM
2026-09-09T17:50:24-04:00,2026-09-09,Wednesday,17:50,Bouldering Wall,8,100,8,5:47 PM
2026-09-09T17:54:25-04:00,2026-09-09,Wednesday,17:54,WMH Service Desk,1200,69,828,5:52 PM
2026-09-09T17:54:25-04:00,2026-09-09,Wednesday,17:54,McComas Hall,600,44,264,5:52 PM
2026-09-09T17:54:25-04:00,2026-09-09,Wednesday,17:54,Esports,55,11,6,5:52 PM
2026-09-09T17:54:25-04:00,2026-09-09,Wednesday,17:54,Bouldering Wall,8,100,8,5:52 PM
2026-09-09T17:58:25-04:00,2026-09-09,Wednesday,17:58,WMH Service Desk,1200,70,840,5:57 PM
2026-09-09T17:58:25-04:00,2026-09-09,Wednesday,17:58,McComas Hall,600,44,264,5:57 PM
2026-09-09T17:58:25-04:00,2026-09-09,Wednesday,17:58,Esports,55,7,4,5:57 PM
2026-09-09T17:58:25-04:00,2026-09-09,Wednesday,17:58,Bouldering Wall,8,100,8,5:57 PM
2026-09-09T19:30:18-04:00,2026-09-09,Wednesday,19:30,WMH Service Desk,1200,66,792,7:27 PM
2026-09-09T19:30:18-04:00,2026-09-09,Wednesday,19:30,McComas Hall,600,46,276,7:27 PM
2026-09-09T19:30:18-04:00,2026-09-09,Wednesday,19:30,Esports,55,11,6,7:27 PM
2026-09-09T19:30:18-04:00,2026-09-09,Wednesday,19:30,Bouldering Wall,8,100,8,7:27 PM
2026-09-09T19:34:19-04:00,2026-09-09,Wednesday,19:34,WMH Service Desk,1200,66,792,7:32 PM
2026-09-09T19:34:19-04:00,2026-09-09,Wednesday,19:34,McComas Hall,600,44,264,7:32 PM
2026-09-09T19:34:19-04:00,2026-09-09,Wednesday,19:34,Esports,55,11,6,7:32 PM
2026-09-09T19:34:19-04:00,2026-09-09,Wednesday,19:34,Bouldering Wall,8,100,8,7:32 PM
2026-09-09T19:38:19-04:00,2026-09-09,Wednesday,19:38,WMH Service Desk,1200,67,804,7:37 PM
2026-09-09T19:38:19-04:00,2026-09-09,Wednesday,19:38,McComas Hall,600,43,258,7:37 PM
2026-09-09T19:38:19-04:00,2026-09-09,Wednesday,19:38,Esports,55,11,6,7:37 PM
2026-09-09T19:38:19-04:00,2026-09-09,Wednesday,19:38,Bouldering Wall,8,100,8,7:37 PM
2026-09-09T19:46:20-04:00,2026-09-09,Wednesday,19:46,WMH Service Desk,1200,69,828,7:42 PM
2026-09-09T19:46:20-04:00,2026-09-09,Wednesday,19:46,McComas Hall,600,44,264,7:42 PM
2026-09-09T19:46:20-04:00,2026-09-09,Wednesday,19:46,Esports,55,9,5,7:42 PM
2026-09-09T19:46:20-04:00,2026-09-09,Wednesday,19:46,Bouldering Wall,8,100,8,7:42 PM
2026-09-09T19:50:21-04:00,2026-09-09,Wednesday,19:50,WMH Service Desk,1200,70,840,7:47 PM
2026-09-09T19:50:21-04:00,2026-09-09,Wednesday,19:50,McComas Hall,600,42,252,7:47 PM
2026-09-09T19:50:21-04:00,2026-09-09,Wednesday,19:50,Esports,55,9,5,7:47 PM
2026-09-09T19:50:21-04:00,2026-09-09,Wednesday,19:50,Bouldering Wall,8,100,8,7:47 PM
2026-09-09T19:54:21-04:00,2026-09-09,Wednesday,19:54,WMH Service Desk,1200,70,840,7:52 PM
2026-09-09T19:54:21-04:00,2026-09-09,Wednesday,19:54,McComas Hall,600,40,240,7:52 PM
2026-09-09T19:54:21-04:00,2026-09-09,Wednesday,19:54,Esports,55,9,5,7:52 PM
2026-09-09T19:54:21-04:00,2026-09-09,Wednesday,19:54,Bouldering Wall,8,100,8,7:52 PM
2026-09-09T19:58:22-04:00,2026-09-09,Wednesday,19:58,WMH Service Desk,1200,71,852,7:57 PM
2026-09-09T19:58:22-04:00,2026-09-09,Wednesday,19:58,McComas Hall,600,40,240,7:57 PM
2026-09-09T19:58:22-04:00,2026-09-09,Wednesday,19:58,Esports,55,7,4,7:57 PM
2026-09-09T19:58:22-04:00,2026-09-09,Wednesday,19:58,Bouldering Wall,8,100,8,7:57 PM
2026-09-09T21:28:18-04:00,2026-09-09,Wednesday,21:28,WMH Service Desk,1200,75,900,9:22 PM
2026-09-09T21:28:18-04:00,2026-09-09,Wednesday,21:28,McComas Hall,600,53,318,9:22 PM
2026-09-09T21:28:18-04:00,2026-09-09,Wednesday,21:28,Esports,55,24,13,9:22 PM
2026-09-09T21:28:18-04:00,2026-09-09,Wednesday,21:28,Bouldering Wall,8,25,2,9:22 PM
2026-09-09T21:32:19-04:00,2026-09-09,Wednesday,21:32,WMH Service Desk,1200,77,924,9:27 PM
2026-09-09T21:32:19-04:00,2026-09-09,Wednesday,21:32,McComas Hall,600,55,330,9:27 PM
2026-09-09T21:32:19-04:00,2026-09-09,Wednesday,21:32,Esports,55,24,13,9:27 PM
2026-09-09T21:32:19-04:00,2026-09-09,Wednesday,21:32,Bouldering Wall,8,25,2,9:27 PM
2026-09-09T21:36:19-04:00,2026-09-09,Wednesday,21:36,WMH Service Desk,1200,77,924,9:32 PM
2026-09-09T21:36:19-04:00,2026-09-09,Wednesday,21:36,McComas Hall,600,55,330,9:32 PM
2026-09-09T21:36:19-04:00,2026-09-09,Wednesday,21:36,Esports,55,24,13,9:32 PM
2026-09-09T21:36:19-04:00,2026-09-09,Wednesday,21:36,Bouldering Wall,8,25,2,9:32 PM
2026-09-09T21:40:19-04:00,2026-09-09,Wednesday,21:40,WMH Service Desk,1200,78,936,9:37 PM
2026-09-09T21:40:19-04:00,2026-09-09,Wednesday,21:40,McComas Hall,600,55,330,9:37 PM
2026-09-09T21:40:19-04:00,2026-09-09,Wednesday,21:40,Esports,55,24,13,9:37 PM
2026-09-09T21:40:19-04:00,2026-09-09,Wednesday,21:40,Bouldering Wall,8,25,2,9:37 PM
2026-09-09T21:44:19-04:00,2026-09-09,Wednesday,21:44,WMH Service Desk,1200,80,960,9:42 PM
2026-09-09T21:44:19-04:00,2026-09-09,Wednesday,21:44,McComas Hall,600,56,336,9:42 PM
2026-09-09T21:44:19-04:00,2026-09-09,Wednesday,21:44,Esports,55,24,13,9:42 PM
2026-09-09T21:44:19-04:00,2026-09-09,Wednesday,21:44,Bouldering Wall,8,25,2,9:42 PM
2026-09-09T21:52:19-04:00,2026-09-09,Wednesday,21:52,WMH Service Desk,1200,82,984,9:47 PM
2026-09-09T21:52:19-04:00,2026-09-09,Wednesday,21:52,McComas Hall,600,58,348,9:47 PM
2026-09-09T21:52:19-04:00,2026-09-09,Wednesday,21:52,Esports,55,24,13,9:47 PM
2026-09-09T21:52:19-04:00,2026-09-09,Wednesday,21:52,Bouldering Wall,8,25,2,9:47 PM
2026-09-09T21:56:19-04:00,2026-09-09,Wednesday,21:56,WMH Service Desk,1200,73,876,9:52 PM
2026-09-09T21:56:19-04:00,2026-09-09,Wednesday,21:56,McComas Hall,600,59,354,9:52 PM
2026-09-09T21:56:19-04:00,2026-09-09,Wednesday,21:56,Esports,55,24,13,9:52 PM
2026-09-09T21:56:19-04:00,2026-09-09,Wednesday,21:56,Bouldering Wall,8,25,2,9:52 PM
2026-09-10T07:50:31-04:00,2026-09-10,Thursday,07:50,WMH Service Desk,1200,12,144,7:48 AM
2026-09-10T07:50:31-04:00,2026-09-10,Thursday,07:50,McComas Hall,600,12,72,7:48 AM
2026-09-10T07:50:31-04:00,2026-09-10,Thursday,07:50,Esports,55,18,10,7:48 AM
2026-09-10T07:50:31-04:00,2026-09-10,Thursday,07:50,Bouldering Wall,8,25,2,7:48 AM
2026-09-10T07:54:31-04:00,2026-09-10,Thursday,07:54,WMH Service Desk,1200,13,156,7:53 AM
2026-09-10T07:54:31-04:00,2026-09-10,Thursday,07:54,McComas Hall,600,11,66,7:53 AM
2026-09-10T07:54:31-04:00,2026-09-10,Thursday,07:54,Esports,55,18,10,7:53 AM
2026-09-10T07:54:31-04:00,2026-09-10,Thursday,07:54,Bouldering Wall,8,25,2,7:53 AM
2026-09-10T08:02:32-04:00,2026-09-10,Thursday,08:02,WMH Service Desk,1200,14,168,7:58 AM
2026-09-10T08:02:32-04:00,2026-09-10,Thursday,08:02,McComas Hall,600,11,66,7:58 AM
2026-09-10T08:02:32-04:00,2026-09-10,Thursday,08:02,Esports,55,18,10,7:58 AM
2026-09-10T08:02:32-04:00,2026-09-10,Thursday,08:02,Bouldering Wall,8,25,2,7:58 AM
2026-09-10T08:06:32-04:00,2026-09-10,Thursday,08:06,WMH Service Desk,1200,15,180,8:03 AM
2026-09-10T08:06:32-04:00,2026-09-10,Thursday,08:06,McComas Hall,600,10,60,8:03 AM
2026-09-10T08:06:32-04:00,2026-09-10,Thursday,08:06,Esports,55,18,10,8:03 AM
2026-09-10T08:06:32-04:00,2026-09-10,Thursday,08:06,Bouldering Wall,8,25,2,8:03 AM
2026-09-10T08:10:33-04:00,2026-09-10,Thursday,08:10,WMH Service Desk,1200,16,192,8:08 AM
2026-09-10T08:10:33-04:00,2026-09-10,Thursday,08:10,McComas Hall,600,10,60,8:08 AM
2026-09-10T08:10:33-04:00,2026-09-10,Thursday,08:10,Esports,55,18,10,8:08 AM
2026-09-10T08:10:33-04:00,2026-09-10,Thursday,08:10,Bouldering Wall,8,25,2,8:08 AM
2026-09-10T08:14:33-04:00,2026-09-10,Thursday,08:14,WMH Service Desk,1200,17,204,8:13 AM
2026-09-10T08:14:33-04:00,2026-09-10,Thursday,08:14,McComas Hall,600,10,60,8:13 AM
2026-09-10T08:14:33-04:00,2026-09-10,Thursday,08:14,Esports,55,18,10,8:13 AM
2026-09-10T08:14:33-04:00,2026-09-10,Thursday,08:14,Bouldering Wall,8,25,2,8:13 AM
2026-09-10T11:54:07-04:00,2026-09-10,Thursday,11:54,WMH Service Desk,1200,28,336,11:49 AM
2026-09-10T11:54:07-04:00,2026-09-10,Thursday,11:54,McComas Hall,600,22,132,11:49 AM
2026-09-10T11:54:07-04:00,2026-09-10,Thursday,11:54,Esports,55,18,10,11:49 AM
2026-09-10T11:54:07-04:00,2026-09-10,Thursday,11:54,Bouldering Wall,8,25,2,11:49 AM
2026-09-10T11:58:07-04:00,2026-09-10,Thursday,11:58,WMH Service Desk,1200,29,348,11:54 AM
2026-09-10T11:58:07-04:00,2026-09-10,Thursday,11:58,McComas Hall,600,22,132,11:54 AM
2026-09-10T11:58:07-04:00,2026-09-10,Thursday,11:58,Esports,55,18,10,11:54 AM
2026-09-10T11:58:07-04:00,2026-09-10,Thursday,11:58,Bouldering Wall,8,25,2,11:54 AM
2026-09-10T12:02:08-04:00,2026-09-10,Thursday,12:02,WMH Service Desk,1200,29,348,11:59 AM
2026-09-10T12:02:08-04:00,2026-09-10,Thursday,12:02,McComas Hall,600,23,138,11:59 AM
2026-09-10T12:02:08-04:00,2026-09-10,Thursday,12:02,Esports,55,18,10,11:59 AM
2026-09-10T12:02:08-04:00,2026-09-10,Thursday,12:02,Bouldering Wall,8,25,2,11:59 AM
2026-09-10T12:06:08-04:00,2026-09-10,Thursday,12:06,WMH Service Desk,1200,28,336,12:04 PM
2026-09-10T12:06:08-04:00,2026-09-10,Thursday,12:06,McComas Hall,600,23,138,12:04 PM
2026-09-10T12:06:08-04:00,2026-09-10,Thursday,12:06,Esports,55,18,10,12:04 PM
2026-09-10T12:06:08-04:00,2026-09-10,Thursday,12:06,Bouldering Wall,8,50,4,12:04 PM
2026-09-10T12:10:09-04:00,2026-09-10,Thursday,12:10,WMH Service Desk,1200,29,348,12:09 PM
2026-09-10T12:10:09-04:00,2026-09-10,Thursday,12:10,McComas Hall,600,21,126,12:09 PM
2026-09-10T12:10:09-04:00,2026-09-10,Thursday,12:10,Esports,55,18,10,12:09 PM
2026-09-10T12:10:09-04:00,2026-09-10,Thursday,12:10,Bouldering Wall,8,50,4,12:09 PM
2026-09-10T12:18:10-04:00,2026-09-10,Thursday,12:18,WMH Service Desk,1200,27,324,12:14 PM
2026-09-10T12:18:10-04:00,2026-09-10,Thursday,12:18,McComas Hall,600,22,132,12:14 PM
2026-09-10T12:18:10-04:00,2026-09-10,Thursday,12:18,Esports,55,18,10,12:14 PM
2026-09-10T12:18:10-04:00,2026-09-10,Thursday,12:18,Bouldering Wall,8,50,4,12:14 PM
2026-09-10T12:22:10-04:00,2026-09-10,Thursday,12:22,WMH Service Desk,1200,28,336,12:19 PM
2026-09-10T12:22:10-04:00,2026-09-10,Thursday,12:22,McComas Hall,600,21,126,12:19 PM
2026-09-10T12:22:10-04:00,2026-09-10,Thursday,12:22,Esports,55,18,10,12:19 PM
2026-09-10T12:22:10-04:00,2026-09-10,Thursday,12:22,Bouldering Wall,8,50,4,12:19 PM
2026-09-10T14:58:05-04:00,2026-09-10,Thursday,14:58,WMH Service Desk,1200,32,384,2:54 PM
2026-09-10T14:58:05-04:00,2026-09-10,Thursday,14:58,McComas Hall,600,25,150,2:54 PM
2026-09-10T14:58:05-04:00,2026-09-10,Thursday,14:58,Esports,55,18,10,2:54 PM
2026-09-10T14:58:05-04:00,2026-09-10,Thursday,14:58,Bouldering Wall,8,75,6,2:54 PM
2026-09-10T15:02:06-04:00,2026-09-10,Thursday,15:02,WMH Service Desk,1200,32,384,2:59 PM
2026-09-10T15:02:06-04:00,2026-09-10,Thursday,15:02,McComas Hall,600,25,150,2:59 PM
2026-09-10T15:02:06-04:00,2026-09-10,Thursday,15:02,Esports,55,18,10,2:59 PM
2026-09-10T15:02:06-04:00,2026-09-10,Thursday,15:02,Bouldering Wall,8,38,3,2:59 PM
2026-09-10T15:06:06-04:00,2026-09-10,Thursday,15:06,WMH Service Desk,1200,33,396,3:04 PM
2026-09-10T15:06:06-04:00,2026-09-10,Thursday,15:06,McComas Hall,600,24,144,3:04 PM
2026-09-10T15:06:06-04:00,2026-09-10,Thursday,15:06,Esports,55,18,10,3:04 PM
2026-09-10T15:06:06-04:00,2026-09-10,Thursday,15:06,Bouldering Wall,8,25,2,3:04 PM
2026-09-10T15:10:06-04:00,2026-09-10,Thursday,15:10,WMH Service Desk,1200,32,384,3:09 PM
2026-09-10T15:10:06-04:00,2026-09-10,Thursday,15:10,McComas Hall,600,25,150,3:09 PM
2026-09-10T15:10:06-04:00,2026-09-10,Thursday,15:10,Esports,55,20,11,3:09 PM
2026-09-10T15:10:06-04:00,2026-09-10,Thursday,15:10,Bouldering Wall,8,25,2,3:09 PM
2026-09-10T15:18:07-04:00,2026-09-10,Thursday,15:18,WMH Service Desk,1200,34,408,3:14 PM
2026-09-10T15:18:07-04:00,2026-09-10,Thursday,15:18,McComas Hall,600,23,138,3:14 PM
2026-09-10T15:18:07-04:00,2026-09-10,Thursday,15:18,Esports,55,24,13,3:14 PM
2026-09-10T15:18:07-04:00,2026-09-10,Thursday,15:18,Bouldering Wall,8,38,3,3:14 PM
2026-09-10T15:22:07-04:00,2026-09-10,Thursday,15:22,WMH Service Desk,1200,35,420,3:19 PM
2026-09-10T15:22:07-04:00,2026-09-10,Thursday,15:22,McComas Hall,600,24,144,3:19 PM
2026-09-10T15:22:07-04:00,2026-09-10,Thursday,15:22,Esports,55,24,13,3:19 PM
2026-09-10T15:22:07-04:00,2026-09-10,Thursday,15:22,Bouldering Wall,8,38,3,3:19 PM
2026-09-10T15:26:07-04:00,2026-09-10,Thursday,15:26,WMH Service Desk,1200,40,480,3:25 PM
2026-09-10T15:26:07-04:00,2026-09-10,Thursday,15:26,McComas Hall,600,26,156,3:25 PM
2026-09-10T15:26:07-04:00,2026-09-10,Thursday,15:26,Esports,55,24,13,3:25 PM
2026-09-10T15:26:07-04:00,2026-09-10,Thursday,15:26,Bouldering Wall,8,38,3,3:25 PM
2026-09-10T17:31:52-04:00,2026-09-10,Thursday,17:31,WMH Service Desk,1200,44,528,5:30 PM
2026-09-10T17:31:52-04:00,2026-09-10,Thursday,17:31,McComas Hall,600,37,222,5:30 PM
2026-09-10T17:31:52-04:00,2026-09-10,Thursday,17:31,Esports,55,27,15,5:30 PM
2026-09-10T17:31:52-04:00,2026-09-10,Thursday,17:31,Bouldering Wall,8,75,6,5:30 PM
2026-09-10T17:35:53-04:00,2026-09-10,Thursday,17:35,WMH Service Desk,1200,44,528,5:35 PM
2026-09-10T17:35:53-04:00,2026-09-10,Thursday,17:35,McComas Hall,600,39,234,5:35 PM
2026-09-10T17:35:53-04:00,2026-09-10,Thursday,17:35,Esports,55,25,14,5:35 PM
2026-09-10T17:35:53-04:00,2026-09-10,Thursday,17:35,Bouldering Wall,8,75,6,5:35 PM
2026-09-10T17:43:53-04:00,2026-09-10,Thursday,17:43,WMH Service Desk,1200,46,552,5:40 PM
2026-09-10T17:43:53-04:00,2026-09-10,Thursday,17:43,McComas Hall,600,39,234,5:40 PM
2026-09-10T17:43:53-04:00,2026-09-10,Thursday,17:43,Esports,55,24,13,5:40 PM
2026-09-10T17:43:53-04:00,2026-09-10,Thursday,17:43,Bouldering Wall,8,100,8,5:40 PM
2026-09-10T17:47:53-04:00,2026-09-10,Thursday,17:47,WMH Service Desk,1200,46,552,5:45 PM
2026-09-10T17:47:53-04:00,2026-09-10,Thursday,17:47,McComas Hall,600,41,246,5:45 PM
2026-09-10T17:47:53-04:00,2026-09-10,Thursday,17:47,Esports,55,24,13,5:45 PM
2026-09-10T17:47:53-04:00,2026-09-10,Thursday,17:47,Bouldering Wall,8,100,8,5:45 PM
2026-09-10T17:51:53-04:00,2026-09-10,Thursday,17:51,WMH Service Desk,1200,47,564,5:50 PM
2026-09-10T17:51:53-04:00,2026-09-10,Thursday,17:51,McComas Hall,600,38,228,5:50 PM
2026-09-10T17:51:53-04:00,2026-09-10,Thursday,17:51,Esports,55,24,13,5:50 PM
2026-09-10T17:51:53-04:00,2026-09-10,Thursday,17:51,Bouldering Wall,8,100,8,5:50 PM
2026-09-10T17:59:54-04:00,2026-09-10,Thursday,17:59,WMH Service Desk,1200,47,564,5:55 PM
2026-09-10T17:59:54-04:00,2026-09-10,Thursday,17:59,McComas Hall,600,37,222,5:55 PM
2026-09-10T17:59:54-04:00,2026-09-10,Thursday,17:59,Esports,55,33,18,5:55 PM
2026-09-10T17:59:54-04:00,2026-09-10,Thursday,17:59,Bouldering Wall,8,100,8,5:55 PM
2026-09-10T19:24:16-04:00,2026-09-10,Thursday,19:24,WMH Service Desk,1200,44,528,7:20 PM
2026-09-10T19:24:16-04:00,2026-09-10,Thursday,19:24,McComas Hall,600,39,234,7:20 PM
2026-09-10T19:24:16-04:00,2026-09-10,Thursday,19:24,Esports,55,44,24,7:20 PM
2026-09-10T19:24:16-04:00,2026-09-10,Thursday,19:24,Bouldering Wall,8,88,7,7:20 PM
2026-09-10T19:28:16-04:00,2026-09-10,Thursday,19:28,WMH Service Desk,1200,45,540,7:25 PM
2026-09-10T19:28:16-04:00,2026-09-10,Thursday,19:28,McComas Hall,600,38,228,7:25 PM
2026-09-10T19:28:16-04:00,2026-09-10,Thursday,19:28,Esports,55,44,24,7:25 PM
2026-09-10T19:28:16-04:00,2026-09-10,Thursday,19:28,Bouldering Wall,8,88,7,7:25 PM
2026-09-10T19:32:17-04:00,2026-09-10,Thursday,19:32,WMH Service Desk,1200,45,540,7:30 PM
2026-09-10T19:32:17-04:00,2026-09-10,Thursday,19:32,McComas Hall,600,38,228,7:30 PM
2026-09-10T19:32:17-04:00,2026-09-10,Thursday,19:32,Esports,55,44,24,7:30 PM
2026-09-10T19:32:17-04:00,2026-09-10,Thursday,19:32,Bouldering Wall,8,88,7,7:30 PM
2026-09-10T19:36:17-04:00,2026-09-10,Thursday,19:36,WMH Service Desk,1200,44,528,7:35 PM
2026-09-10T19:36:17-04:00,2026-09-10,Thursday,19:36,McComas Hall,600,38,228,7:35 PM
2026-09-10T19:36:17-04:00,2026-09-10,Thursday,19:36,Esports,55,44,24,7:35 PM
2026-09-10T19:36:17-04:00,2026-09-10,Thursday,19:36,Bouldering Wall,8,88,7,7:35 PM
2026-09-10T19:44:18-04:00,2026-09-10,Thursday,19:44,WMH Service Desk,1200,45,540,7:40 PM
2026-09-10T19:44:18-04:00,2026-09-10,Thursday,19:44,McComas Hall,600,35,210,7:40 PM
2026-09-10T19:44:18-04:00,2026-09-10,Thursday,19:44,Esports,55,44,24,7:40 PM
2026-09-10T19:44:18-04:00,2026-09-10,Thursday,19:44,Bouldering Wall,8,100,8,7:40 PM
2026-09-10T19:48:18-04:00,2026-09-10,Thursday,19:48,WMH Service Desk,1200,45,540,7:45 PM
2026-09-10T19:48:18-04:00,2026-09-10,Thursday,19:48,McComas Hall,600,35,210,7:45 PM
2026-09-10T19:48:18-04:00,2026-09-10,Thursday,19:48,Esports,55,44,24,7:45 PM
2026-09-10T19:48:18-04:00,2026-09-10,Thursday,19:48,Bouldering Wall,8,100,8,7:45 PM
2026-09-10T19:52:18-04:00,2026-09-10,Thursday,19:52,WMH Service Desk,1200,45,540,7:50 PM
2026-09-10T19:52:18-04:00,2026-09-10,Thursday,19:52,McComas Hall,600,35,210,7:50 PM
2026-09-10T19:52:18-04:00,2026-09-10,Thursday,19:52,Esports,55,49,27,7:50 PM
2026-09-10T19:52:18-04:00,2026-09-10,Thursday,19:52,Bouldering Wall,8,100,8,7:50 PM
2026-09-10T21:20:14-04:00,2026-09-10,Thursday,21:20,WMH Service Desk,1200,57,684,9:15 PM
2026-09-10T21:20:14-04:00,2026-09-10,Thursday,21:20,McComas Hall,600,38,228,9:15 PM
2026-09-10T21:20:14-04:00,2026-09-10,Thursday,21:20,Esports,55,55,30,9:15 PM
2026-09-10T21:20:14-04:00,2026-09-10,Thursday,21:20,Bouldering Wall,8,50,4,9:15 PM
2026-09-10T21:24:14-04:00,2026-09-10,Thursday,21:24,WMH Service Desk,1200,58,696,9:20 PM
2026-09-10T21:24:14-04:00,2026-09-10,Thursday,21:24,McComas Hall,600,38,228,9:20 PM
2026-09-10T21:24:14-04:00,2026-09-10,Thursday,21:24,Esports,55,55,30,9:20 PM
2026-09-10T21:24:14-04:00,2026-09-10,Thursday,21:24,Bouldering Wall,8,50,4,9:20 PM
2026-09-10T21:28:14-04:00,2026-09-10,Thursday,21:28,WMH Service Desk,1200,59,708,9:25 PM
2026-09-10T21:28:14-04:00,2026-09-10,Thursday,21:28,McComas Hall,600,39,234,9:25 PM
2026-09-10T21:28:14-04:00,2026-09-10,Thursday,21:28,Esports,55,53,29,9:25 PM
2026-09-10T21:28:14-04:00,2026-09-10,Thursday,21:28,Bouldering Wall,8,50,4,9:25 PM
2026-09-10T21:32:14-04:00,2026-09-10,Thursday,21:32,WMH Service Desk,1200,59,708,9:30 PM
2026-09-10T21:32:14-04:00,2026-09-10,Thursday,21:32,McComas Hall,600,39,234,9:30 PM
2026-09-10T21:32:14-04:00,2026-09-10,Thursday,21:32,Esports,55,53,29,9:30 PM
2026-09-10T21:32:14-04:00,2026-09-10,Thursday,21:32,Bouldering Wall,8,50,4,9:30 PM
2026-09-10T21:36:15-04:00,2026-09-10,Thursday,21:36,WMH Service Desk,1200,61,732,9:35 PM
2026-09-10T21:36:15-04:00,2026-09-10,Thursday,21:36,McComas Hall,600,40,240,9:35 PM
2026-09-10T21:36:15-04:00,2026-09-10,Thursday,21:36,Esports,55,53,29,9:35 PM
2026-09-10T21:36:15-04:00,2026-09-10,Thursday,21:36,Bouldering Wall,8,50,4,9:35 PM
2026-09-10T21:44:15-04:00,2026-09-10,Thursday,21:44,WMH Service Desk,1200,61,732,9:40 PM
2026-09-10T21:44:15-04:00,2026-09-10,Thursday,21:44,McComas Hall,600,40,240,9:40 PM
2026-09-10T21:44:15-04:00,2026-09-10,Thursday,21:44,Esports,55,53,29,9:40 PM
2026-09-10T21:44:15-04:00,2026-09-10,Thursday,21:44,Bouldering Wall,8,50,4,9:40 PM
2026-09-10T21:48:15-04:00,2026-09-10,Thursday,21:48,WMH Service Desk,1200,62,744,9:45 PM
2026-09-10T21:48:15-04:00,2026-09-10,Thursday,21:48,McComas Hall,600,39,234,9:45 PM
2026-09-10T21:48:15-04:00,2026-09-10,Thursday,21:48,Esports,55,51,28,9:45 PM
2026-09-10T21:48:15-04:00,2026-09-10,Thursday,21:48,Bouldering Wall,8,50,4,9:45 PM
2026-09-11T07:41:12-04:00,2026-09-11,Friday,07:41,WMH Service Desk,1200,11,132,7:41 AM
2026-09-11T07:41:12-04:00,2026-09-11,Friday,07:41,McComas Hall,600,13,78,7:41 AM
2026-09-11T07:41:12-04:00,2026-09-11,Friday,07:41,Esports,55,42,23,7:41 AM
2026-09-11T07:41:12-04:00,2026-09-11,Friday,07:41,Bouldering Wall,8,50,4,7:41 AM
2026-09-11T07:49:12-04:00,2026-09-11,Friday,07:49,WMH Service Desk,1200,12,144,7:46 AM
2026-09-11T07:49:12-04:00,2026-09-11,Friday,07:49,McComas Hall,600,13,78,7:46 AM
2026-09-11T07:49:12-04:00,2026-09-11,Friday,07:49,Esports,55,42,23,7:46 AM
2026-09-11T07:49:12-04:00,2026-09-11,Friday,07:49,Bouldering Wall,8,50,4,7:46 AM
2026-09-11T07:53:13-04:00,2026-09-11,Friday,07:53,WMH Service Desk,1200,12,144,7:51 AM
2026-09-11T07:53:13-04:00,2026-09-11,Friday,07:53,McComas Hall,600,12,72,7:51 AM
2026-09-11T07:53:13-04:00,2026-09-11,Friday,07:53,Esports,55,42,23,7:51 AM
2026-09-11T07:53:13-04:00,2026-09-11,Friday,07:53,Bouldering Wall,8,50,4,7:51 AM
2026-09-11T07:57:13-04:00,2026-09-11,Friday,07:57,WMH Service Desk,1200,12,144,7:56 AM
2026-09-11T07:57:13-04:00,2026-09-11,Friday,07:57,McComas Hall,600,13,78,7:56 AM
2026-09-11T07:57:13-04:00,2026-09-11,Friday,07:57,Esports,55,42,23,7:56 AM
2026-09-11T07:57:13-04:00,2026-09-11,Friday,07:57,Bouldering Wall,8,50,4,7:56 AM
2026-09-11T08:05:14-04:00,2026-09-11,Friday,08:05,WMH Service Desk,1200,12,144,8:01 AM
2026-09-11T08:05:14-04:00,2026-09-11,Friday,08:05,McComas Hall,600,13,78,8:01 AM
2026-09-11T08:05:14-04:00,2026-09-11,Friday,08:05,Esports,55,42,23,8:01 AM
2026-09-11T08:05:14-04:00,2026-09-11,Friday,08:05,Bouldering Wall,8,50,4,8:01 AM
2026-09-11T08:09:14-04:00,2026-09-11,Friday,08:09,WMH Service Desk,1200,12,144,8:06 AM
2026-09-11T08:09:14-04:00,2026-09-11,Friday,08:09,McComas Hall,600,13,78,8:06 AM
2026-09-11T08:09:14-04:00,2026-09-11,Friday,08:09,Esports,55,42,23,8:06 AM
2026-09-11T08:09:14-04:00,2026-09-11,Friday,08:09,Bouldering Wall,8,50,4,8:06 AM
2026-09-11T11:13:20-04:00,2026-09-11,Friday,11:13,WMH Service Desk,1200,24,288,11:12 AM
2026-09-11T11:13:20-04:00,2026-09-11,Friday,11:13,McComas Hall,600,18,108,11:12 AM
2026-09-11T11:13:20-04:00,2026-09-11,Friday,11:13,Esports,55,42,23,11:12 AM
2026-09-11T11:13:20-04:00,2026-09-11,Friday,11:13,Bouldering Wall,8,50,4,11:12 AM
2026-09-11T11:21:21-04:00,2026-09-11,Friday,11:21,WMH Service Desk,1200,26,312,11:17 AM
2026-09-11T11:21:21-04:00,2026-09-11,Friday,11:21,McComas Hall,600,17,102,11:17 AM
2026-09-11T11:21:21-04:00,2026-09-11,Friday,11:21,Esports,55,42,23,11:17 AM
2026-09-11T11:21:21-04:00,2026-09-11,Friday,11:21,Bouldering Wall,8,50,4,11:17 AM
2026-09-11T11:25:21-04:00,2026-09-11,Friday,11:25,WMH Service Desk,1200,26,312,11:22 AM
2026-09-11T11:25:21-04:00,2026-09-11,Friday,11:25,McComas Hall,600,16,96,11:22 AM
2026-09-11T11:25:21-04:00,2026-09-11,Friday,11:25,Esports,55,42,23,11:22 AM
2026-09-11T11:25:21-04:00,2026-09-11,Friday,11:25,Bouldering Wall,8,50,4,11:22 AM
2026-09-11T11:29:22-04:00,2026-09-11,Friday,11:29,WMH Service Desk,1200,27,324,11:27 AM
2026-09-11T11:29:22-04:00,2026-09-11,Friday,11:29,McComas Hall,600,16,96,11:27 AM
2026-09-11T11:29:22-04:00,2026-09-11,Friday,11:29,Esports,55,42,23,11:27 AM
2026-09-11T11:29:22-04:00,2026-09-11,Friday,11:29,Bouldering Wall,8,50,4,11:27 AM
2026-09-11T11:33:22-04:00,2026-09-11,Friday,11:33,WMH Service Desk,1200,27,324,11:32 AM
2026-09-11T11:33:22-04:00,2026-09-11,Friday,11:33,McComas Hall,600,17,102,11:32 AM
2026-09-11T11:33:22-04:00,2026-09-11,Friday,11:33,Esports,55,42,23,11:32 AM
2026-09-11T11:33:22-04:00,2026-09-11,Friday,11:33,Bouldering Wall,8,50,4,11:32 AM
2026-09-11T11:41:23-04:00,2026-09-11,Friday,11:41,WMH Service Desk,1200,27,324,11:37 AM
2026-09-11T11:41:23-04:00,2026-09-11,Friday,11:41,McComas Hall,600,18,108,11:37 AM
2026-09-11T11:41:23-04:00,2026-09-11,Friday,11:41,Esports,55,42,23,11:37 AM
2026-09-11T11:41:23-04:00,2026-09-11,Friday,11:41,Bouldering Wall,8,50,4,11:37 AM
2026-09-11T14:37:02-04:00,2026-09-11,Friday,14:37,WMH Service Desk,1200,34,408,2:32 PM
2026-09-11T14:37:02-04:00,2026-09-11,Friday,14:37,McComas Hall,600,23,138,2:32 PM
2026-09-11T14:37:02-04:00,2026-09-11,Friday,14:37,Esports,55,44,24,2:32 PM
2026-09-11T14:37:02-04:00,2026-09-11,Friday,14:37,Bouldering Wall,8,88,7,2:32 PM
2026-09-11T14:41:03-04:00,2026-09-11,Friday,14:41,WMH Service Desk,1200,34,408,2:37 PM
2026-09-11T14:41:03-04:00,2026-09-11,Friday,14:41,McComas Hall,600,25,150,2:37 PM
2026-09-11T14:41:03-04:00,2026-09-11,Friday,14:41,Esports,55,44,24,2:37 PM
2026-09-11T14:41:03-04:00,2026-09-11,Friday,14:41,Bouldering Wall,8,100,8,2:37 PM
2026-09-11T14:45:03-04:00,2026-09-11,Friday,14:45,WMH Service Desk,1200,36,432,2:42 PM
2026-09-11T14:45:03-04:00,2026-09-11,Friday,14:45,McComas Hall,600,26,156,2:42 PM
2026-09-11T14:45:03-04:00,2026-09-11,Friday,14:45,Esports,55,44,24,2:42 PM
2026-09-11T14:45:03-04:00,2026-09-11,Friday,14:45,Bouldering Wall,8,100,8,2:42 PM
2026-09-11T14:49:03-04:00,2026-09-11,Friday,14:49,WMH Service Desk,1200,37,444,2:47 PM
2026-09-11T14:49:03-04:00,2026-09-11,Friday,14:49,McComas Hall,600,27,162,2:47 PM
2026-09-11T14:49:03-04:00,2026-09-11,Friday,14:49,Esports,55,44,24,2:47 PM
2026-09-11T14:49:03-04:00,2026-09-11,Friday,14:49,Bouldering Wall,8,100,8,2:47 PM
2026-09-11T14:53:04-04:00,2026-09-11,Friday,14:53,WMH Service Desk,1200,38,456,2:53 PM
2026-09-11T14:53:04-04:00,2026-09-11,Friday,14:53,McComas Hall,600,28,168,2:53 PM
2026-09-11T14:53:04-04:00,2026-09-11,Friday,14:53,Esports,55,44,24,2:53 PM
2026-09-11T14:53:04-04:00,2026-09-11,Friday,14:53,Bouldering Wall,8,100,8,2:53 PM
2026-09-11T15:01:04-04:00,2026-09-11,Friday,15:01,WMH Service Desk,1200,38,456,2:58 PM
2026-09-11T15:01:04-04:00,2026-09-11,Friday,15:01,McComas Hall,600,30,180,2:58 PM
2026-09-11T15:01:04-04:00,2026-09-11,Friday,15:01,Esports,55,44,24,2:58 PM
2026-09-11T15:01:04-04:00,2026-09-11,Friday,15:01,Bouldering Wall,8,88,7,2:58 PM
2026-09-11T15:05:05-04:00,2026-09-11,Friday,15:05,WMH Service Desk,1200,38,456,3:03 PM
2026-09-11T15:05:05-04:00,2026-09-11,Friday,15:05,McComas Hall,600,30,180,3:03 PM
2026-09-11T15:05:05-04:00,2026-09-11,Friday,15:05,Esports,55,7,4,3:03 PM
2026-09-11T15:05:05-04:00,2026-09-11,Friday,15:05,Bouldering Wall,8,88,7,3:03 PM
2026-09-11T17:19:33-04:00,2026-09-11,Friday,17:19,WMH Service Desk,1200,48,576,5:17 PM
2026-09-11T17:19:33-04:00,2026-09-11,Friday,17:19,McComas Hall,600,34,204,5:17 PM
2026-09-11T17:19:33-04:00,2026-09-11,Friday,17:19,Esports,55,33,18,5:17 PM
2026-09-11T17:19:33-04:00,2026-09-11,Friday,17:19,Bouldering Wall,8,88,7,5:17 PM
2026-09-11T17:23:34-04:00,2026-09-11,Friday,17:23,WMH Service Desk,1200,48,576,5:22 PM
2026-09-11T17:23:34-04:00,2026-09-11,Friday,17:23,McComas Hall,600,35,210,5:22 PM
2026-09-11T17:23:34-04:00,2026-09-11,Friday,17:23,Esports,55,31,17,5:22 PM
2026-09-11T17:23:34-04:00,2026-09-11,Friday,17:23,Bouldering Wall,8,88,7,5:22 PM
2026-09-11T17:31:35-04:00,2026-09-11,Friday,17:31,WMH Service Desk,1200,50,600,5:27 PM
2026-09-11T17:31:35-04:00,2026-09-11,Friday,17:31,McComas Hall,600,33,198,5:27 PM
2026-09-11T17:31:35-04:00,2026-09-11,Friday,17:31,Esports,55,31,17,5:27 PM
2026-09-11T17:31:35-04:00,2026-09-11,Friday,17:31,Bouldering Wall,8,88,7,5:27 PM
2026-09-11T17:35:36-04:00,2026-09-11,Friday,17:35,WMH Service Desk,1200,50,600,5:32 PM
2026-09-11T17:35:36-04:00,2026-09-11,Friday,17:35,McComas Hall,600,33,198,5:32 PM
2026-09-11T17:35:36-04:00,2026-09-11,Friday,17:35,Esports,55,31,17,5:32 PM
2026-09-11T17:35:36-04:00,2026-09-11,Friday,17:35,Bouldering Wall,8,88,7,5:32 PM
2026-09-11T17:39:36-04:00,2026-09-11,Friday,17:39,WMH Service Desk,1200,50,600,5:37 PM
2026-09-11T17:39:36-04:00,2026-09-11,Friday,17:39,McComas Hall,600,35,210,5:37 PM
2026-09-11T17:39:36-04:00,2026-09-11,Friday,17:39,Esports,55,36,20,5:37 PM
2026-09-11T17:39:36-04:00,2026-09-11,Friday,17:39,Bouldering Wall,8,88,7,5:37 PM
2026-09-11T17:43:36-04:00,2026-09-11,Friday,17:43,WMH Service Desk,1200,50,600,5:42 PM
2026-09-11T17:43:36-04:00,2026-09-11,Friday,17:43,McComas Hall,600,38,228,5:42 PM
2026-09-11T17:43:36-04:00,2026-09-11,Friday,17:43,Esports,55,38,21,5:42 PM
2026-09-11T17:43:36-04:00,2026-09-11,Friday,17:43,Bouldering Wall,8,88,7,5:42 PM
2026-09-11T19:28:25-04:00,2026-09-11,Friday,19:28,WMH Service Desk,1200,53,636,7:27 PM
2026-09-11T19:28:25-04:00,2026-09-11,Friday,19:28,McComas Hall,600,37,222,7:27 PM
2026-09-11T19:28:25-04:00,2026-09-11,Friday,19:28,Esports,55,33,18,7:27 PM
2026-09-11T19:28:25-04:00,2026-09-11,Friday,19:28,Bouldering Wall,8,38,3,7:27 PM
2026-09-11T19:36:26-04:00,2026-09-11,Friday,19:36,WMH Service Desk,1200,53,636,7:32 PM
2026-09-11T19:36:26-04:00,2026-09-11,Friday,19:36,McComas Hall,600,35,210,7:32 PM
2026-09-11T19:36:26-04:00,2026-09-11,Friday,19:36,Esports,55,33,18,7:32 PM
2026-09-11T19:36:26-04:00,2026-09-11,Friday,19:36,Bouldering Wall,8,38,3,7:32 PM
2026-09-11T19:40:26-04:00,2026-09-11,Friday,19:40,WMH Service Desk,1200,54,648,7:37 PM
2026-09-11T19:40:26-04:00,2026-09-11,Friday,19:40,McComas Hall,600,36,216,7:37 PM
2026-09-11T19:40:26-04:00,2026-09-11,Friday,19:40,Esports,55,33,18,7:37 PM
2026-09-11T19:40:26-04:00,2026-09-11,Friday,19:40,Bouldering Wall,8,38,3,7:37 PM
2026-09-11T19:44:27-04:00,2026-09-11,Friday,19:44,WMH Service Desk,1200,54,648,7:42 PM
2026-09-11T19:44:27-04:00,2026-09-11,Friday,19:44,McComas Hall,600,36,216,7:42 PM
2026-09-11T19:44:27-04:00,2026-09-11,Friday,19:44,Esports,55,27,15,7:42 PM
2026-09-11T19:44:27-04:00,2026-09-11,Friday,19:44,Bouldering Wall,8,38,3,7:42 PM
2026-09-11T19:48:27-04:00,2026-09-11,Friday,19:48,WMH Service Desk,1200,54,648,7:47 PM
2026-09-11T19:48:27-04:00,2026-09-11,Friday,19:48,McComas Hall,600,34,204,7:47 PM
2026-09-11T19:48:27-04:00,2026-09-11,Friday,19:48,Esports,55,27,15,7:47 PM
2026-09-11T19:48:27-04:00,2026-09-11,Friday,19:48,Bouldering Wall,8,25,2,7:47 PM
2026-09-11T19:56:28-04:00,2026-09-11,Friday,19:56,WMH Service Desk,1200,54,648,7:52 PM
2026-09-11T19:56:28-04:00,2026-09-11,Friday,19:56,McComas Hall,600,35,210,7:52 PM
2026-09-11T19:56:28-04:00,2026-09-11,Friday,19:56,Esports,55,29,16,7:52 PM
2026-09-11T19:56:28-04:00,2026-09-11,Friday,19:56,Bouldering Wall,8,25,2,7:52 PM
2026-09-11T21:27:04-04:00,2026-09-11,Friday,21:27,WMH Service Desk,1200,57,684,9:22 PM
2026-09-11T21:27:04-04:00,2026-09-11,Friday,21:27,McComas Hall,600,21,126,9:22 PM
2026-09-11T21:27:04-04:00,2026-09-11,Friday,21:27,Esports,55,51,28,9:22 PM
2026-09-11T21:27:04-04:00,2026-09-11,Friday,21:27,Bouldering Wall,8,0,0,9:22 PM
2026-09-11T21:31:05-04:00,2026-09-11,Friday,21:31,WMH Service Desk,1200,58,696,9:27 PM
2026-09-11T21:31:05-04:00,2026-09-11,Friday,21:31,McComas Hall,600,21,126,9:27 PM
2026-09-11T21:31:05-04:00,2026-09-11,Friday,21:31,Esports,55,51,28,9:27 PM
2026-09-11T21:31:05-04:00,2026-09-11,Friday,21:31,Bouldering Wall,8,0,0,9:27 PM
2026-09-11T21:35:05-04:00,2026-09-11,Friday,21:35,WMH Service Desk,1200,58,696,9:32 PM
2026-09-11T21:35:05-04:00,2026-09-11,Friday,21:35,McComas Hall,600,21,126,9:32 PM
2026-09-11T21:35:05-04:00,2026-09-11,Friday,21:35,Esports,55,51,28,9:32 PM
2026-09-11T21:35:05-04:00,2026-09-11,Friday,21:35,Bouldering Wall,8,0,0,9:32 PM
2026-09-11T21:39:05-04:00,2026-09-11,Friday,21:39,WMH Service Desk,1200,58,696,9:37 PM
2026-09-11T21:39:05-04:00,2026-09-11,Friday,21:39,McComas Hall,600,22,132,9:37 PM
2026-09-11T21:39:05-04:00,2026-09-11,Friday,21:39,Esports,55,51,28,9:37 PM
2026-09-11T21:39:05-04:00,2026-09-11,Friday,21:39,Bouldering Wall,8,0,0,9:37 PM
2026-09-11T21:47:05-04:00,2026-09-11,Friday,21:47,WMH Service Desk,1200,60,720,9:42 PM
2026-09-11T21:47:05-04:00,2026-09-11,Friday,21:47,McComas Hall,600,24,144,9:42 PM
2026-09-11T21:47:05-04:00,2026-09-11,Friday,21:47,Esports,55,51,28,9:42 PM
2026-09-11T21:47:05-04:00,2026-09-11,Friday,21:47,Bouldering Wall,8,0,0,9:42 PM
2026-09-11T21:51:06-04:00,2026-09-11,Friday,21:51,WMH Service Desk,1200,60,720,9:47 PM
2026-09-11T21:51:06-04:00,2026-09-11,Friday,21:51,McComas Hall,600,24,144,9:47 PM
2026-09-11T21:51:06-04:00,2026-09-11,Friday,21:51,Esports,55,51,28,9:47 PM
2026-09-11T21:51:06-04:00,2026-09-11,Friday,21:51,Bouldering Wall,8,0,0,9:47 PM
2026-09-11T21:55:06-04:00,2026-09-11,Friday,21:55,WMH Service Desk,1200,61,732,9:52 PM
2026-09-11T21:55:06-04:00,2026-09-11,Friday,21:55,McComas Hall,600,25,150,9:52 PM
2026-09-11T21:55:06-04:00,2026-09-11,Friday,21:55,Esports,55,51,28,9:52 PM
2026-09-11T21:55:06-04:00,2026-09-11,Friday,21:55,Bouldering Wall,8,0,0,9:52 PM
